type,text[1],name[2],text[3],linetype[6],style[7],layer[8],pt[10],pt[11],pt[12],pt[13],pt[14],pt[15],pt[16],real[40],real[41],real[42],real[43],real[44],real[45],real[46],real[47],real[48],real[49],angle[50],angle[51],angle[52],angle[53],color[62],int[63],seq[66],int[70],int[71],int[72],int[73],int[74],int[75],int[76],int[77],int[78],int[79],long[90],long[91],long[92],long[93],long[94],long[98],real[140],real[141],real[142],real[144],int[170],int[175],int[179],pt[213],char[271],char[272],char[277],char[280],char[281],bool[291],bool[292],string[304],lwt[370],plotst[380],long[420],long[421],trans[440],long[450],long[452],long[453],real[462],real[463],string[470]
SECTION,,TABLES,,,,,,,,,,,,,,,,,,,,,,,,,,,,,,,,,,,,,,,,,,,,,,,,,,,,,,,,,,,,,,,,,,,,,,,
LTYPE,,CENTER,Center ____ _ ____ _ ____ _ ____ _ ____ _ ____,,,,,,,,,,,2.0,,,,,,,,,"1.25,-0.25,0.25,-0.25",,,,,,,,,,,,"0,0,0,0",,,,,,,,,,,,,,,,,,,,,,,,,,,,,,,,,,,,,,
LTYPE,,DASHED,Dashed __ __ __ __ __ __ __ __ __ __ __ __ __ _,,,,,,,,,,,0.75,,,,,,,,,"0.5,-0.25",,,,,,,,,,,,"0,0",,,,,,,,,,,,,,,,,,,,,,,,,,,,,,,,,,,,,,
LTYPE,,ZIGZAG,Zig zag /\/\/\/\/\/\/\/\/\/\/\/\/\/\/\/\/\/\/\/,,,,,,,,,,,0.8001000000000001,,,,,,,,,"0.0001,-0.2,-0.4,-0.2",,,,,,,,,,,,"0,0,0,0",,,,,,,,,,,,,,,,,,,,,,,,,,,,,,,,,,,,,,
LAYER,,0,,Continuous,,,,,,,,,,,,,,,,,,,,,,,,7,,,,,,,,,,,,,,,,,,,,,,,,,,,,,,,,,,,,,,,,,,,,,
LAYER,,*ADSK_SYSTEM_LIGHTS,,Continuous,,,,,,,,,,,,,,,,,,,,,,,,7,,,,,,,,,,,,,,,,,,,,,,,,,,,,,,,,,,,,,,,,,,,,,
LAYER,,polylines,,Continuous,,,,,,,,,,,,,,,,,,,,,,,,5,,,,,,,,,,,,,,,,,,,,,,,,,,,,,,,,,,,,,,,,,,,,,
LAYER,,_ai,,Continuous,,,,,,,,,,,,,,,,,,,,,,,,30,,,1,,,,,,,,,,,,,,,,,,,,,,,,,,,,,,,,,,,,,,,,,,
LAYER,,r14,,Continuous,,,,,,,,,,,,,,,,,,,,,,,,12,,,,,,,,,,,,,,,,,,,,,,,,,,,,,,,,,,,,,,,,,,,,,
LAYER,,v2010,,Continuous,,,,,,,,,,,,,,,,,,,,,,,,140,,,2,,,,,,,,,,,,,,,,,,,,,,,,,,,,,,,,,,,,,,,,,,
LAYER,,r13,,Continuous,,,,,,,,,,,,,,,,,,,,,,,,4,,,,,,,,,,,,,,,,,,,,,,,,,,,,,,,,,,,,,,,,,,,,,
LAYER,,v2005,,Continuous,,,,,,,,,,,,,,,,,,,,,,,,140,,,2,,,,,,,,,,,,,,,,,,,,,,,,,,,,,,,,,,,,,,,,,,
LAYER,,v2007,,Continuous,,,,,,,,,,,,,,,,,,,,,,,,140,,,2,,,,,,,,,,,,,,,,,,,,,,,,,,,,,,,,,,,,,,,,,,
LAYER,,v2018,,Continuous,,,,,,,,,,,,,,,,,,,,,,,,140,,,2,,,,,,,,,,,,,,,,,,,,,,,,,,,,,,,,,,,,,,,,,,
LAYER,,r12,,Continuous,,,,,,,,,,,,,,,,,,,,,,,,3,,,2,,,,,,,,,,,,,,,,,,,,,,,,,,,,,,,,,,,,,,,,,,
LAYER,,mtext,,Continuous,,,,,,,,,,,,,,,,,,,,,,,,7,,,,,,,,,,,,,,,,,,,,,,,,,,,,,,,,,,,,,,,,,,,,,
LAYER,,hatches,,Continuous,,,,,,,,,,,,,,,,,,,,,,,,3,,,,,,,,,,,,,,,,,,,,,,,,,,,,,,,,,,,,,,,,,,,,,
LAYER,,hatches_gradient,,Continuous,,,,,,,,,,,,,,,,,,,,,,,,7,,,,,,,,,,,,,,,,,,,,,,,,,,,,,,,,,,,,,,,,,,,,,
LAYER,,hatches-solid,,Continuous,,,,,,,,,,,,,,,,,,,,,,,,132,,,,,,,,,,,,,,,,,,,,,,,,,,,,,,,,,,,,,,,,,,,,,
LAYER,,splines,,Continuous,,,,,,,,,,,,,,,,,,,,,,,,7,,,,,,,,,,,,,,,,,,,,,,,,,,,,,,,,,,,,,,,,,,,,,
LAYER,,dimensions-arc,,Continuous,,,,,,,,,,,,,,,,,,,,,,,,5,,,,,,,,,,,,,,,,,,,,,,,,,,,,,,,,,,,,,,,,,,,,,
LAYER,,dimensions,,Continuous,,,,,,,,,,,,,,,,,,,,,,,,3,,,,,,,,,,,,,,,,,,,,,,,,,,,,,,,,,,,,,,,,,,,,,
LAYER,,siteboundry,,Continuous,,,,,,,,,,,,,,,,,,,,,,,,7,,,,,,,,,,,,,,,,,,,,,,,,,,,,,,,,,,,,,,,,,,,,,
LAYER,,meshes,,Continuous,,,,,,,,,,,,,,,,,,,,,,,,7,,,,,,,,,,,,,,,,,,,,,,,,,,,,,,,,,,,,,,,,,,,,,
LAYER,,A-FLOR,,Continuous,,,,,,,,,,,,,,,,,,,,,,,,192,,,,,,,,,,,,,,,,,,,,,,,,,,,,,,,,,,,18,,,,,,,,,,
LAYER,,A-DETL-GENF,,Continuous,,,,,,,,,,,,,,,,,,,,,,,,92,,,,,,,,,,,,,,,,,,,,,,,,,,,,,,,,,,,18,,,,,,,,,,
LAYER,,A-FLOR-PATT,,Continuous,,,,,,,,,,,,,,,,,,,,,,,,8,,,,,,,,,,,,,,,,,,,,,,,,,,,,,,,,,,,18,,,,,,,,,,
LAYER,,mline,,Continuous,,,,,,,,,,,,,,,,,,,,,,,,5,,,,,,,,,,,,,,,,,,,,,,,,,,,,,,,,,,,,,,,,,,,,,
LAYER,,chroma|GENERIC,,Continuous,,,,,,,,,,,,,,,,,,,,,,,,7,,,16,,,,,,,,,,,,,,,,,,,,,,,,,,,,,,,,,,,,,,,,,,
LAYER,,text,,Continuous,,,,,,,,,,,,,,,,,,,,,,,,4,,,2,,,,,,,,,,,,,,,,,,,,,,,,,,,,,,,,,,,,,,,,,,
LAYER,,mleader,,Continuous,,,,,,,,,,,,,,,,,,,,,,,,5,,,,,,,,,,,,,,,,,,,,,,,,,,,,,,,,,,,,,,,,,,,,,
STYLE,,Standard,arial.ttf,,,,,,,,,,,,,,,,,,,,,,,,,,,,,,,,,,,,,,,,,,,,,,,,,,,,,,,,,,,,,,,,,,,,,,
STYLE,,nonprop,consola.ttf,,,,,,,,,,,,,,,,,,,,,,,,,,,,,,,,,,,,,,,,,,,,,,,,,,,,,,,,,,,,,,,,,,,,,,
DIMSTYLE,,Standard,,,,,,,,,,,,,,,,,,,,,,,,,,,,,,,,,,,,,,,,,,,,,,,,,,,,,,,,,,,,,,,,,,,,,,,
DIMSTYLE,,arch,,,,,,,,,,,,,,,,,,,,,,,,,,,,,,,,,,,,,,,,,,,,,,,,,,,,,2,2,4,,,,,,,,,,,,,,,,
DIMSTYLE,,arc,',,,,,,,,,,,144.0,,,,,,,,,,,,,,,,,,,,,,,,,,,,,,,,,,,,0.0833333333333333,,,,,2,2,,,,,,,,,,,,,,,,,
ENDSEC,,,,,,,,,,,,,,,,,,,,,,,,,,,,,,,,,,,,,,,,,,,,,,,,,,,,,,,,,,,,,,,,,,,,,,,,,
SECTION,,BLOCKS,,,,,,,,,,,,,,,,,,,,,,,,,,,,,,,,,,,,,,,,,,,,,,,,,,,,,,,,,,,,,,,,,,,,,,,
BLOCK,,blockname,,,,0,"0.0,0.0,0.0",,,,,,,,,,,,,,,,,,,,,,,,2,,,,,,,,,,,,,,,,,,,,,,,,,,,,,,,,,,,,,,,,,,
ARC,,,,,,0,"-0.25,0.75,0.0",,,,,,,0.7905694150420949,,,,,,,,,,288.434948822922,18.434948822922,,,,,,,,,,,,,,,,,,,,,,,,,,,,,,,,,,,,,,,,,,,,,,,,
ATTDEF,-,TAG,prompt,,,0,"1.0,0.0,0.0",,,,,,,0.2,,,,,,,,,,,,,,,,,,,,,,,,,,,,,,,,,,,,,,,,,,,,,,,,,,,,,,,,,,,
ENDBLK,,,,,,,,,,,,,,,,,,,,,,,,,,,,,,,,,,,,,,,,,,,,,,,,,,,,,,,,,,,,,,,,,,,,,,,,,
BLOCK,,site-plan,,,,0,"0.0,0.0,0.0",,,,,,,,,,,,,,,,,,,,,,,,,,,,,,,,,,,,,,,,,,,,,,,,,,,,,,,,,,,,,,,,,,
DIMENSION,,,arc,,,siteboundry,"-418.752245,1012.149971,0.0","220.476255,1088.839971,0.0",,"863.893,1130.62,0.0","-414.564,977.24,0.0",,,,,,,,,,,,,,,,,,,,33,,,,,,,,,,,,,,,,,,,,,,,,,,,,,,,,,,,,,,,,,,
DIMENSION,,,arc,,,dimensions-arc,"1559.769901,851.07116,0.0","1263.111401,1328.69616,0.0",,"863.893,1742.62,0.0","1457.21,787.37,0.0",,,,,,,,,,,,,,,,,,,,33,,,,,,,,,,,,,,,,,,,,,,,,,,,,,,,,,,,,,,,,,,
DIMENSION,,,arc,,,dimensions-arc,"-418.752245,1624.149971,0.0","220.476255,1700.839971,0.0",,"863.893,1742.62,0.0","-414.564,1589.24,0.0",,,,,,,,,,,,,,,,,,,,33,,,,,,,,,,,,,,,,,,,,,,,,,,,,,,,,,,,,,,,,,,
DIMENSION,,,arc,,,dimensions-arc,"-518.677593,1492.110811,0.0","-488.754093,1551.775811,0.0",,"-414.564,1589.24,0.0","-474.411,1469.91,0.0",,,,,,,,,,,,,,,,,,,,33,,,,,,,,,,,,,,,,,,,,,,,,,,,,,,,,,,,,,,,,,,
DIMENSION,,,arc,,,dimensions-arc,"144.0,612.0,0.0","293.319912,733.497086,0.0",,"0.0,612.0,0.0","144.0,756.0,0.0","0.0,612.0,0.0","306.669072,694.17173,0.0",,,,,,,,,,,,,,,,,,34,,,,,,,,,,,,,,,,,,,,,,,,,,,,,,,,,,,,,,,,,,
DIMENSION,,,arc,,,dimensions-arc,"144.0,528.0,0.0","72.0,528.0,0.0",,"0.0,612.0,0.0","144.0,612.0,0.0",,,,,,,,,,,,,,,,,,,,,,,,,,,,,,,,,,,,,,,,,,,,,,,,,,,,,,,,,,,,,,
DIMENSION,,,arc,,,dimensions-arc,"144.0,612.0,0.0","-121.237556,904.693351,0.0",,"0.0,612.0,0.0","144.0,756.0,0.0","0.0,612.0,0.0","0.0,928.809,0.0",,,,,,,,,,,,,,,,,,34,,,,,,,,,,,,,,,,,,,,,,,,,,,,,,,,,,,,,,,,,,
DIMENSION,,,arc,,,dimensions-arc,"413.804065,850.909888,0.0","337.869604,949.869604,0.0",,"144.0,612.0,0.0","0.0,816.0,0.0","0.0,612.0,0.0",,,,,,,,,,,,,,,,,,,37,,,,,,,,,,,,,,,,,,,,,,,,,,,,,,,,,,,,,,,,,,
ENDBLK,,,,,,,,,,,,,,,,,,,,,,,,,,,,,,,,,,,,,,,,,,,,,,,,,,,,,,,,,,,,,,,,,,,,,,,,,
BLOCK,,separate-garage,,,,0,"0.0,0.0,0.0",,,,,,,,,,,,,,,,,,,,,,,,,,,,,,,,,,,,,,,,,,,,,,,,,,,,,,,,,,,,,,,,,,
HATCH,,FP_2,,,,A-FLOR-PATT,"0.0,0.0,0.0 52.904275,-12.342067 74.627253,-2.138527 -19.779382,198.849879 -28.68858,189.649845 -37.752476,180.662967 -4.970153,110.870555 107.21172,13.166783 128.934697,23.370323 22.98299,248.937783 14.735972,238.417317 6.266891,228.074774 61.319101,110.870555 -700.0,-200.0","74.627253,-2.138527 -19.779382,198.849879 -28.68858,189.649845 -37.752476,180.662967 -4.970153,110.870555 52.904275,-12.342067 128.934697,23.370323 22.98299,248.937783 14.735972,238.417317 6.266891,228.074774 61.319101,110.870555 107.21172,13.166783",,,,,,,,,"37.62499999999977,42.327","118.977,117.28","6.400193761705796,6.400193761705796","3.006246798355415,3.006246798355415",,,"15.0,-5.0,15.0,-5.0",,,,"340.16,70.16",,,,,,"1,1,1,1,1,1,1,1,1,1,1,1",,,0,2,0,2,"2,2",,2,"1,1","6,6",,,,,,,,,,,,,,,,,,,13,,,,,,,,,,
HATCH,,FP_3,,,,A-FLOR-PATT,"0.0,0.0,0.0 102.773229,-386.653552 167.942163,-356.042932 -3.974003,9.960542 34.041209,27.816737 18.735899,60.401204 -19.279313,42.545009 -239.693939,26.842125 -236.922507,-12.059278 -52.823036,1.056424 -0.497158,-110.343532 -22.220136,-120.547072 88.395058,-356.042932 55.764187,38.020277 88.348654,53.325587 73.043344,85.910054 40.458877,70.604744 -700.0,-200.0","167.942163,-356.042932 -3.974003,9.960542 34.041209,27.816737 18.735899,60.401204 -19.279313,42.545009 -239.693939,26.842125 -236.922507,-12.059278 -52.823036,1.056424 -0.497158,-110.343532 -22.220136,-120.547072 88.395058,-356.042932 102.773229,-386.653552 88.348654,53.325587 73.043344,85.910054 40.458877,70.604744 55.764187,38.020277",,,,,,,,,"-93.66099999999994,-88.95800000000008","-190.313,-192.01","6.400193761705796,6.400193761705796","3.006246798355415,3.006246798355415",,,"15.0,-5.0,15.0,-5.0",,,,"340.16,70.16",,,,,,"1,1,1,1,1,1,1,1,1,1,1,1,1,1,1,1",,,0,2,0,2,"2,2",,2,"1,1","12,4",,,,,,,,,,,,,,,,,,,13,,,,,,,,,,
HATCH,,FP_4,,,,A-FLOR,"0.0,0.0,0.0 167.942163,-356.042932 320.003009,-284.618152 166.949909,41.226518 14.889063,-30.198262 164.193097,-348.061302 -700.0,-200.0","320.003009,-284.618152 166.949909,41.226518 14.889063,-30.198262 164.193097,-348.061302 167.942163,-356.042932",,,,,,,,,"-700.0,-700.0,-697.705,-700.0,-696.585,-700.0,-696.1599999999999,-696.1599999999999,-694.2499999999999,-700.0,-700.0,-700.0,-700.0,-708.563,-708.563,-712.403,-712.403","-200.0,-200.0,-200.20081,-192.32,-192.85,-192.32,-194.24,-194.24,-195.528,-200.0,-200.0,-200.0,-200.0,-200.0,-200.0,-200.0,-200.0","27.54270046216776,-5.327844435381703,22.21531621912824,40.98187469590782,35.89074818015426,35.89097341714983,22.92103572469458,9.343532092013643,32.26476914719338,0.4668550243151899,0.4668550243151899,10.10158952275669,10.10158952275669,20.49916090120071,20.49916090120071,22.39477935398379,22.39477935398379","-2.409921005199992,28.88426558997774,26.47392965322938,-6.356421902997745,37.40618916795393,37.40621617016941,-15.46073055541925,27.84573814869183,12.38442158028859,12.78270704452979,12.78270704452979,15.14509036333994,15.14509036333994,-0.8657796178497925,-0.8657796178497925,3.844287929692772,3.844287929692772",,,"2.879999999999999,-31.68,2.303999999999998,-25.344,2.447999999999999,-26.924,4.32,-47.52,3.670999999999998,-40.38599999999997,3.455999999999999,-38.016,2.879999999999999,-31.68,2.303999999999998,-25.344,2.447999999999999,-26.924,1.266999999999999,-23.77,1.266999999999999,-24.461,-25.44,-50.765,1.266999999999999,-24.173,1.266999999999999,-13.402,1.266999999999999,-23.194,-9.696,-39.13,1.266999999999999,-8.429,1.266999999999999,-8.333,1.266999999999999,-28.685,-39.744,-39.552,1.266999999999999,-38.477,1.266999999999999,-11.213,1.266999999999999,-18.624,-28.224,-32.371,1.266999999999999,-26.957",,,,"50.0,355.0,100.451,46.184,96.63599999999998,351.1840000000001,21.0,326.0,71.45100000000001,37.5,37.5,7.499999999999999,7.499999999999999,327.5,327.5,317.5,317.5",9,,,,,"1,1,1,1,1",,,0,2,0,17,"2,2,2,2,2,2,2,2,2,5,3,5,3,5,3,5,3",,1,1,5,,,,,,,,,,,,,,,,,,,,,,,,,,,,,
HATCH,,FP_6,,,,A-DETL-GENF,"0.0,0.0,0.0 422.865811,-313.087328 431.011927,-309.261001 87.969908,421.063399 64.004435,507.28962 55.33313,504.879542 79.501564,417.923083 297.734904,-46.688025 -700.0,-200.0","431.011927,-309.261001 87.969908,421.063399 64.004435,507.28962 55.33313,504.879542 79.501564,417.923083 297.734904,-46.688025 422.865811,-313.087328",,,,,,,,,"-700.0,-700.0","-200.0,-200.0","-6.363961030678925,-6.363961030678925","6.363961030678925,-6.363961030678924",,,,,,,"45.0,135.0",55,,,,,"1,1,1,1,1,1,1",,,0,2,0,2,"0,0",,1,1,7,,,,,,,,,,,,,,,,,,,13,,,,,,,,,,
ENDBLK,,,,,,,,,,,,,,,,,,,,,,,,,,,,,,,,,,,,,,,,,,,,,,,,,,,,,,,,,,,,,,,,,,,,,,,,,
BLOCK,,mlines,,,,0,"0.0,0.0,0.0",,,,,,,,,,,,,,,,,,,,,,,,,,,,,,,,,,,,,,,,,,,,,,,,,,,,,,,,,,,,,,,,,,
MLINE,,STANDARD,,Continuous,,mline,"12.0,132.0,0.0","12.0,132.0,0.0 24.0,132.0,0.0 24.0,120.0,0.0 12.0,120.0,0.0","1.0,0.0,0.0 0.0,-1.0,0.0 -1.0,0.0,0.0 0.0,1.0,0.0","-0.707107,0.707107,0.0 0.707107,0.707107,0.0 0.707107,-0.707107,0.0 -0.707107,-0.707107,0.0",,,,1.0,"0.0,0.0,-1.414213562373094,0.0,0.0,0.0,-1.414213562373094,0.0,0.0,0.0,-1.414213562373094,0.0,0.0,0.0,-1.414213562373094,0.0",,,,,,,,,,,,,,,,,3,,,,,,,,,,,,,,,,,,,,,,,,,,,,,,,,,,,,,,,,,
MLINE,,STANDARD,,Continuous,,mline,"36.0,120.0,0.0","36.0,120.0,0.0 36.0,132.0,0.0 48.0,132.0,0.0 48.0,120.0,0.0","0.0,1.0,0.0 1.0,0.0,0.0 0.0,-1.0,0.0 -1.0,0.0,0.0","-0.707107,-0.707107,0.0 -0.707107,0.707107,0.0 0.707107,0.707107,0.0 0.707107,-0.707107,0.0",,,,1.0,"1.414213562373094,0.0,0.0,0.0,1.414213562373094,0.0,0.0,0.0,1.414213562373094,0.0,0.0,0.0,1.414213562373094,0.0,0.0,0.0",,,,,,,,,,,,,,,,2,3,,,,,,,,,,,,,,,,,,,,,,,,,,,,,,,,,,,,,,,,,
MLINE,,STANDARD,,Continuous,,mline,"60.0,72.0,0.0","60.0,72.0,0.0 60.0,132.0,0.0 132.0,132.0,0.0 132.0,12.0,0.0 60.0,12.0,0.0 60.0,132.0,0.0","0.0,1.0,0.0 1.0,0.0,0.0 0.0,-1.0,0.0 -1.0,0.0,0.0 0.0,1.0,0.0 1.0,0.0,0.0","-1.0,0.0,0.0 -0.707107,0.707107,0.0 0.707107,0.707107,0.0 0.707107,-0.707107,0.0 -0.707107,-0.707107,0.0 -0.707107,0.707107,0.0",,,,6.0,"6.0,2.0,0.0,2.0,8.48528137423857,0.0,0.0,0.0,8.48528137423857,0.0,0.0,0.0,8.48528137423857,0.0,0.0,0.0,8.48528137423857,0.0,0.0,0.0,8.48528137423857,0.0,0.0,0.0",,,,,,,,,,,,,,,,2,5,,,,,,,,,,,,,,,,,,,,,,,,,,,,,,,,,,,,,,,,,
MLINE,,STANDARD,,Continuous,,mline,"60.0,72.0,0.0","60.0,72.0,0.0 108.0,72.0,0.0 108.0,132.0,0.0","1.0,0.0,0.0 0.0,1.0,0.0 0.0,1.0,0.0","0.0,1.0,0.0 -0.707107,0.707107,0.0 -1.0,0.0,0.0",,,,4.0,"2.0,0.0,12.0,24.0,-2.0,0.0,2.828427124746188,0.0,22.0,34.0,-2.828427124746188,0.0,26.0,38.0,2.0,0.0,-2.0,0.0",,,,,,,,,,,,,,,,1,,,,"4,2,4,4,2,2",,,,,,,,,,,,,,,,,,,,,,,,,,,,,,,,,,,,,,
MLINE,,STANDARD,,ZIGZAG,,mline,"36.0,60.0,0.0","36.0,60.0,0.0 0.0,60.0,0.0 0.0,108.0,0.0 33.0,108.0,0.0 24.0,84.0,0.0","-1.0,0.0,0.0 0.0,1.0,0.0 1.0,0.0,0.0 -0.351123,-0.936329,0.0 -0.351123,-0.936329,0.0","0.0,-1.0,0.0 -0.707107,-0.707107,0.0 -0.707107,0.707107,0.0 0.821926,0.569595,0.0 0.936329,-0.351123,0.0",,,,4.0,"2.0,0.0,-2.0,0.0,2.828427124746188,0.0,-2.828427124746188,0.0,2.828427124746188,0.0,-2.828427124746188,0.0,3.51126777738384,0.0,-3.51126777738384,0.0,2.0,0.0,-2.0,0.0",,,,,,,,,,,,,,,,1,,,,,,,,,,,,,,,,,,,,,,,,,,,,,,,,,,,,,,,,,,
MLINE,,STANDARD,,CENTER,,mline,"72.0,48.0,0.0","72.0,48.0,0.0 120.0,48.0,0.0","1.0,0.0,0.0 1.0,0.0,0.0","0.0,1.0,0.0 0.0,1.0,0.0",,,,4.0,"2.0,0.0,-2.0,0.0,2.0,0.0,-2.0,0.0",,,,,,,,,,,,,,,,1,,,,,,,,,,,,,,,,,,,,,,,,,,,,,,,,,,,,,,,,,,
ENDBLK,,,,,,,,,,,,,,,,,,,,,,,,,,,,,,,,,,,,,,,,,,,,,,,,,,,,,,,,,,,,,,,,,,,,,,,,,
BLOCK,C:\program files\autodesk\autocad 2027\support\chroma.dwg,chroma,,,,0,"0.0,0.0,0.0",,,,,,,,,,,,,,,,,,,,,,,,4,,,,,,,,,,,,,,,,,,,,,,,,,,,,,,,,,,,,,,,,,,
ENDBLK,,,,,,,,,,,,,,,,,,,,,,,,,,,,,,,,,,,,,,,,,,,,,,,,,,,,,,,,,,,,,,,,,,,,,,,,,
ENDSEC,,,,,,,,,,,,,,,,,,,,,,,,,,,,,,,,,,,,,,,,,,,,,,,,,,,,,,,,,,,,,,,,,,,,,,,,,
SECTION,,ENTITIES,,,,,,,,,,,,,,,,,,,,,,,,,,,,,,,,,,,,,,,,,,,,,,,,,,,,,,,,,,,,,,,,,,,,,,,
TEXT,"_ai: Layers with '|' in name are xref-dependent (xref_name|layer_name — AutoCAD's xref separator). They appear in the LAYER table because AutoCAD exports all defined layers, including xref layers that are referenced but never used on any entity in this drawing. int[70]=16 = xref-dependent flag. int[70]=2 on other version layers = frozen.",,,,nonprop,_ai,"0.0,0.0,0.0",,,,,,,0.1,,,,,,,,,,,,,,,,,,,,,,,,,,,,,,,,,,,,,,,,,,,,,,,,,,,,,,,,,,,
TEXT,_ai: BLOCK int[70]=4 = xref block definition (external reference). Distinct from int[70]=2 (has-attributes) and int[70]=0 (regular block). Xref blocks appear in the BLOCKS section but their geometry comes from the external file — entities inside are not present in CSVOUT. The INSERT that references this block will appear in ENTITIES as normal.,,,,nonprop,_ai,"0.0,0.0,0.0",,,,,,,0.1,,,,,,,,,,,,,,,,,,,,,,,,,,,,,,,,,,,,,,,,,,,,,,,,,,,,,,,,,,,
3DFACE,,,,,,r12,"1.0,1.0,0.0","2.0,1.0,0.0","2.0,2.0,0.0","1.0,2.0,0.0",,,,,,,,,,,,,,,,,,,,,,,,,,,,,,,,,,,,,,,,,,,,,,,,,,,,,,,,,,,,,,,
ARC,,,,,,r12,"3.75,1.75,0.0",,,,,,,0.7905694150420949,,,,,,,,0.0398406374501992,,288.434948822922,18.43494882292201,,,,,,,,,,,,,,,,,,,,,,,,,,,,,,,,,,,,,,,,,,,,,,,,
ATTDEF,-,TAG,prompt,,,r12,"5.0,1.0,0.0",,,,,,,0.2,,,,,,,,,,,,,,,,,,,,,,,,,,,,,,,,,,,,,,,,,,,,,,,,,,,,,,,,,,,
INSERT,,blockname,,,,r12,"6.0,1.0,0.0",,,,,,,,,,,,,,,,,,,,,,,1,,,,,,,,,,,,,,,,,,,,,,,,,,,,,,,,,,,,,,,,,,,
ATTRIB,-,TAG,,,,0,"7.0,1.0,0.0",,,,,,,0.2,,,,,,,,,,,,,,,,,,,,,,,,,,,,,,,,,,,,,,,,,,,,,,,,,,,,,,,,,,,
SEQEND,,,,,,,,,,,,,,,,,,,,,,,,,,,,,,,,,,,,,,,,,,,,,,,,,,,,,,,,,,,,,,,,,,,,,,,,,
CIRCLE,,,,,,r12,"1.5,1.5,0.0",,,,,,,0.5,,,,,,,,,,,,,,,,,,,,,,,,,,,,,,,,,,,,,,,,,,,,,,,,,,,,,,,,,,,
DIMENSION,,,arch,,,r12,"2.0,3.5,0.0","1.5,3.5,0.0",,"1.0,3.0,0.0","2.0,3.0,0.0",,,,,,,,,,,,,,,,,,,,,,,,,,,,,,,,,,,,,,,,,,,,,,,,,,,,,,,,,,,,,,
ELLIPSE,,,,,,r13,"5.0,3.5,0.0","0.0,-0.5,0.0",,,,,,0.5,,6.283185307179586,,,,,,,,,,,,6,,,,,,,,,,,,,,,,,,,,,,,,,,,,,,,,,,,,,,,,,,,,,
HATCH,,ANSI31,,,,r14,"0.0,0.0,0.0 6.0,3.0 7.0,3.0 7.0,4.0 6.0,4.0 0.0,0.0","7.0,3.0 7.0,4.0 6.0,4.0 6.0,3.0",,,,,,,,,0.0,0.0,-0.0883883476483185,0.0883883476483185,,,,,,,45.0,,,,,,"1,1,1,1",,,1,1,0,1,0,,1,5,4,,,,,,,,,,,,,,,,,,,,,,,,,,,,,
HELIX,,,,,,v2007,"7.5,3.5,0.0","8.0,3.5,0.0","0.0,0.0,1.0",,,,,0.0,3.0,0.3333333333333333,,,,,,,,,,,,,,,,,,,,,,,,,,,,,,,,,,,,,,,,,,1,,,,,,,,,,,,,,,
LEADER,,,Standard,,,r14,"1.5,1.5,0.0 1.75,2.25,0.0 1.82,2.5,0.0 2.0,2.5,0.0",,,,,,,,,,,,,,,,,,,,,,,,,,,0,,1,,,,,,,,,,,,,,,,,,"-0.16,0.0,0.0",,,,,,,,,,,,,,,,,,,
MTEXT,\A1;leader,,,,,r14,"2.25,2.5,0.0",,,,,,,0.18,0.0,,,,,0.0,,,,,,,,,,,,4,1,1,,,,,,,,,,,,,,,,,,,,,,,,,,,,,,,,,,,,,,,
LINE,,,,CENTER,,r12,"0.0,1.5,0.0","4.0,1.5,0.0",,,,,,,,,,,,,,2.0,,,,,,,,,,,,,,,,,,,,,,,,,,,,,,,,,,,,,,,,,,,,,,,,,,,
LWPOLYLINE,,,,,,polylines,"6.0,5.0 7.0,5.0 7.0,6.0 6.5,6.0",,,,,,,,,,,,,,,,,,,,,,,,1,,,,,,,,,,,,,,,,,,,,,,,,,,,,,,,,,,,,,,,,,,
MULTILEADER,,,,,,v2018,"7.958063,4.66,0.0 9.0,4.66,0.0 9.0,5.5,0.0 1.0,1.0,1.0","0.0,0.0,1.0 -1.0,0.0,0.0","8.55,4.751473,0.0",,,,,"1.0,0.36",,,,,,,,,,,,,,,,,,,,,,,,,,,"-1073741824,0,279552",,,,,,,,,,,,,,,,,,,,,line1\Pline2,,,,,,,,,,,
MLINE,,STANDARD,,,,r12,"1.25,5.0,0.0","1.25,5.0,0.0 2.0,5.0,0.0 2.0,5.5,0.0","1.0,0.0,0.0 0.0,1.0,0.0 0.0,1.0,0.0","0.0,1.0,0.0 -0.707107,0.707107,0.0 -1.0,0.0,0.0",,,,0.1,"0.0,0.0,-0.1,0.0,0.0,0.0,-0.1414213562373094,0.0,0.0,0.0,-0.1,0.0",,,,,,,,,,,,,,,,,,,,,,,,,,,,,,,,,,,,,,,,,,,,,,,,,,,,,,,,,,
MTEXT,abc\P123\Pmtext,,,,,r14,"2.0,7.0,0.0",,,,,,,0.2,2.0,,,,,0.0,,,,,,,,,,,,1,5,1,,,,,,,,,,,,,,,,,,,,,,,,,,,,,,,,,,,,,,,
POINT,,,,,,r12,"4.5,6.5,0.0",,,,,,,,,,,,,,,,,,,,,,,,,,,,,,,,,,,,,,,,,,,,,,,,,,,,,,,,,,,,,,,,,,
POLYLINE,,,,,,polylines,"0.0,0.0,0.0",,,,,,,,,,,,,,,,,,,,,,,1,9,,,,,,,,,,,,,,,,,,,,,,,,,,,,,,,,,,,,,,,,,,
VERTEX,,,,,,polylines,"5.5,6.5,0.0",,,,,,,,,,,,,,,,,,,,,,,,32,,,,,,,,,,,,,,,,,,,,,,,,,,,,,,,,,,,,,,,,,,
VERTEX,,,,,,polylines,"6.0,6.0,0.0",,,,,,,,,,,,,,,,,,,,,,,,32,,,,,,,,,,,,,,,,,,,,,,,,,,,,,,,,,,,,,,,,,,
VERTEX,,,,,,polylines,"6.0,7.0,0.0",,,,,,,,,,,,,,,,,,,,,,,,32,,,,,,,,,,,,,,,,,,,,,,,,,,,,,,,,,,,,,,,,,,
VERTEX,,,,,,polylines,"5.0,7.0,1.0",,,,,,,,,,,,,,,,,,,,,,,,32,,,,,,,,,,,,,,,,,,,,,,,,,,,,,,,,,,,,,,,,,,
VERTEX,,,,,,polylines,"5.0,6.0,0.0",,,,,,,,,,,,,,,,,,,,,,,,32,,,,,,,,,,,,,,,,,,,,,,,,,,,,,,,,,,,,,,,,,,
SEQEND,,,,,,,,,,,,,,,,,,,,,,,,,,,,,,,,,,,,,,,,,,,,,,,,,,,,,,,,,,,,,,,,,,,,,,,,,
RAY,,,,,,r14,"10.0,10.0,0.0","0.780869,0.624695,0.0",,,,,,,,,,,,,,,,,,,,,,,,,,,,,,,,,,,,,,,,,,,,,,,,,,,,,,,,,,,,,,,,,
ACAD_TABLE,,,,,,v2005,"8.0,8.0,0.0","1.0,0.0,0.0",,,,,,,,,,,,,,,,,,,,,,,,,,,,,,,,,"22,0","1,0",1,"2,3",,,,0.4533333333333334,1.0,,,,,,,,,,1,,,,,,,,,,,,,,
SOLID,,,,,,r12,"1.0,8.5,0.0","1.0,7.5,0.0","2.0,8.5,0.0","2.0,7.5,0.0",,,,,,,,,,,,,,,,,,,,,,,,,,,,,,,,,,,,,,,,,,,,,,,,,,,,,,,,,,,,,,,
SPLINE,,,,,,r14,"3.25,7.25,0.0 3.357999,7.223484,0.0 3.573996,7.170452,0.0 3.404584,7.732071,0.0 3.756697,7.446988,0.0 4.0,7.25,0.0","3.25,7.25,0.0 3.5,7.25,0.0 3.5,7.5,0.0 4.0,7.25,0.0",,,,,,"0.0,0.0,0.0,0.0,0.25,0.5,1.059016994374947,1.059016994374947,1.059016994374947,1.059016994374947",,,,,,,,,,,,,,,,,8,3,,,,,,,,,,,,,,,,,,,,,,,,,,,,,,,,,,,,,,,,,
TEXT,text,,,,,r12,"1.0,6.0,0.0","1.0,5.925989,0.0",,,,,,0.25,,,,,,,,,,,,,,,,,,,,1,,,,,,,,,,,,,,,,,,,,,,,,,,,,,,,,,,,,,,,
XLINE,,,,,,r14,"3.5,10.0,0.0","1.0,0.0,0.0",,,,,,,,,,,,,,,,,,,,,,,,,,,,,,,,,,,,,,,,,,,,,,,,,,,,,,,,,,,,,,,,,
WIPEOUT,,,,,,v2018,"0.25,7.75,0.0","1.25,0.0,0.0","0.0,1.25,0.0","1.0,1.0","-0.5,-0.5 -0.5,0.3 0.5,0.3 0.5,-0.5 -0.5,-0.5",,,,,,,,,,,,,,,,,,,,,,,,,,,,,,,,,,,,,,,,,,,,,,,,,,,,,,,,,,,,,,
POLYLINE,,,,,,polylines,"0.0,0.0,0.0",,,,,,,,,,,,,,,,,,,,,,,1,64,,,,,,,,,,,,,,,,,,,,,,,,,,,,,,,,,,,,,,,,,,
VERTEX,,,,,,polylines,"2.5,8.25,0.0",,,,,,,,,,,,,,,,,,,,,,,,192,,,,,,,,,,,,,,,,,,,,,,,,,,,,,,,,,,,,,,,,,,
VERTEX,,,,,,polylines,"3.5,8.25,0.0",,,,,,,,,,,,,,,,,,,,,,,,192,,,,,,,,,,,,,,,,,,,,,,,,,,,,,,,,,,,,,,,,,,
VERTEX,,,,,,polylines,"3.0,9.0,0.0",,,,,,,,,,,,,,,,,,,,,,,,192,,,,,,,,,,,,,,,,,,,,,,,,,,,,,,,,,,,,,,,,,,
VERTEX,,,,,,polylines,"0.0,0.0,0.0",,,,,,,,,,,,,,,,,,,,,,,,128,1,2,3,,,,,,,,,,,,,,,,,,,,,,,,,,,,,,,,,,,,,,,
SEQEND,,,,,,,,,,,,,,,,,,,,,,,,,,,,,,,,,,,,,,,,,,,,,,,,,,,,,,,,,,,,,,,,,,,,,,,,,
TOLERANCE,{\Fgdt;j}%%v%%v%%v%%v%%v,,Standard,,,r14,"6.25,7.5,0.0",,,,,,,,,,,,,,,,,,,,,,,,,,,,,,,,,,,,,,,,,,,,,,,,,,,,,,,,,,,,,,,,,,
INSERT,,chroma,,,,r12,"7.25,1.0,0.0",,,,,,,,0.01,0.01,0.01,,,,,,,,,,,,,,,,,,,,,,,,,,,,,,,,,,,,,,,,,,,,,,,,,,,,,,,,
TEXT,"This drawing is a csvout reference sample. These entities are supported by csvin except: LIGHT, OLE2FRAME, VIEWPORT.",,,,nonprop,_ai,"0.0,0.0,0.0",,,,,,,0.1,,,,,,,,,,,,,,,,,,,,,,,,,,,,,,,,,,,,,,,,,,,,,,,,,,,,,,,,,,,
TRACE,,,,Continuous,,r12,"9.0,1.5,0.0","9.25,1.0,0.0","9.75,1.5,0.0","10.0,1.0,0.0",,,,,,,,,,,,,,,,,,,,,,,,,,,,,,,,,,,,,,,,,,,,,,,,,,,,,,,,,,,,,,,
POLYLINE,,,,,,polylines,"0.0,0.0,0.0",,,,,,,,0.1,,,,,,,,,,,,,,,1,3,,,,,,,,,,,,,,,,,,,,,,,,,,,,,,,,,,,,,,,,,,
VERTEX,,,,,,polylines,"6.0,5.0,0.0",,,,,,,,0.0428065396646562,0.2599332050069569,,,,,,,,,,,,,,,,,,,,,,,,,,,,,,,,,,,,,,,,,,,,,,,,,,,,,,,,,
VERTEX,,,,,,polylines,"6.406562,4.773327,0.0",,,,,,,0.0428065396646562,,0.1844830881382524,,,,,,,,,,,,,,,1,,,,,,,,,,,,,,,,,,,,,,,,,,,,,,,,,,,,,,,,,,
VERTEX,,,,,,polylines,"7.0,5.0,0.0",,,,,,,0.1,0.0435149254485389,0.2134217652833882,,,,,,,,,,,,,,,,,,,,,,,,,,,,,,,,,,,,,,,,,,,,,,,,,,,,,,,,,
VERTEX,,,,,,polylines,"7.264639,5.591752,0.0",,,,,,,0.0435149254485389,0.0,0.295763411069317,,,,,,,,,,,,,,,1,,,,,,,,,,,,,,,,,,,,,,,,,,,,,,,,,,,,,,,,,,
VERTEX,,,,,,polylines,"7.0,6.0,0.0",,,,,,,,0.0,0.1055226537144585,,,,,,,,,,,,,,,,,,,,,,,,,,,,,,,,,,,,,,,,,,,,,,,,,,,,,,,,,
VERTEX,,,,,,polylines,"6.77331,6.048381,0.0",,,,,,,,0.0,0.0878261273799591,,,,,,,,,,,,,,,1,,,,,,,,,,,,,,,,,,,,,,,,,,,,,,,,,,,,,,,,,,
VERTEX,,,,,,polylines,"6.5,6.0,0.0",,,,,,,,0.0,0.1914756820051867,,,,,,,,,,,,,,,,,,,,,,,,,,,,,,,,,,,,,,,,,,,,,,,,,,,,,,,,,
VERTEX,,,,,,polylines,"5.976052,5.532262,0.0",,,,,,,,0.0,0.2599332050069564,,,,,,,,,,,,,,,1,,,,,,,,,,,,,,,,,,,,,,,,,,,,,,,,,,,,,,,,,,
SEQEND,,,,,,,,,,,,,,,,,,,,,,,,,,,,,,,,,,,,,,,,,,,,,,,,,,,,,,,,,,,,,,,,,,,,,,,,,
POLYLINE,,,,,,polylines,"0.0,0.0,0.0",,,,,,,,,,,,,,,,,,,,,,,1,16,2,2,,,,,,,,,,,,,,,,,,,,,,,,,,,,,,,,,,,,,,,,
VERTEX,,,,,,polylines,"4.25,8.25,0.0",,,,,,,,,,,,,,,,,,,,,,,,64,,,,,,,,,,,,,,,,,,,,,,,,,,,,,,,,,,,,,,,,,,
VERTEX,,,,,,polylines,"4.25,8.75,0.0",,,,,,,,,,,,,,,,,,,,,,,,64,,,,,,,,,,,,,,,,,,,,,,,,,,,,,,,,,,,,,,,,,,
VERTEX,,,,,,polylines,"4.75,8.25,0.0",,,,,,,,,,,,,,,,,,,,,,,,64,,,,,,,,,,,,,,,,,,,,,,,,,,,,,,,,,,,,,,,,,,
VERTEX,,,,,,polylines,"4.75,9.0,0.0",,,,,,,,,,,,,,,,,,,,,,,,64,,,,,,,,,,,,,,,,,,,,,,,,,,,,,,,,,,,,,,,,,,
SEQEND,,,,,,,,,,,,,,,,,,,,,,,,,,,,,,,,,,,,,,,,,,,,,,,,,,,,,,,,,,,,,,,,,,,,,,,,,
POLYLINE,,,,Continuous,,polylines,"0.0,0.0,0.0",,,,,,,,,,,,,,,,,,,,,,,1,4,,,,,6,,,,,,,,,,,,,,,,,,,,,,,,,,,,,,,,,,,,,
VERTEX,,,,Continuous,,polylines,"23.5,1.375,0.0",,,,,,,,,,,,,,,,,,,,,,,,16,,,,,,,,,,,,,,,,,,,,,,,,,,,,,,,,,,,,,,,,,,
VERTEX,,,,Continuous,,polylines,"23.5,1.375,0.0",,,,,,,,,,,,,,,,,,,,,,,,8,,,,,,,,,,,,,,,,,,,,,,,,,,,,,,,,,,,,,,,,,,
VERTEX,,,,Continuous,,polylines,"23.505656,1.409932,0.0",,,,,,,,,,,,,,,,,,,,,,,,8,,,,,,,,,,,,,,,,,,,,,,,,,,,,,,,,,,,,,,,,,,
VERTEX,,,,Continuous,,polylines,"23.52181,1.502116,0.0",,,,,,,,,,,,,,,,,,,,,,,,8,,,,,,,,,,,,,,,,,,,,,,,,,,,,,,,,,,,,,,,,,,
VERTEX,,,,Continuous,,polylines,"23.547241,1.632629,0.0",,,,,,,,,,,,,,,,,,,,,,,,8,,,,,,,,,,,,,,,,,,,,,,,,,,,,,,,,,,,,,,,,,,
VERTEX,,,,Continuous,,polylines,"23.580729,1.782552,0.0",,,,,,,,,,,,,,,,,,,,,,,,8,,,,,,,,,,,,,,,,,,,,,,,,,,,,,,,,,,,,,,,,,,
VERTEX,,,,Continuous,,polylines,"23.621053,1.932963,0.0",,,,,,,,,,,,,,,,,,,,,,,,8,,,,,,,,,,,,,,,,,,,,,,,,,,,,,,,,,,,,,,,,,,
VERTEX,,,,Continuous,,polylines,"23.666992,2.064941,0.0",,,,,,,,,,,,,,,,,,,,,,,,8,,,,,,,,,,,,,,,,,,,,,,,,,,,,,,,,,,,,,,,,,,
VERTEX,,,,Continuous,,polylines,"23.717326,2.159566,0.0",,,,,,,,,,,,,,,,,,,,,,,,8,,,,,,,,,,,,,,,,,,,,,,,,,,,,,,,,,,,,,,,,,,
VERTEX,,,,Continuous,,polylines,"23.770833,2.197917,0.0",,,,,,,,,,,,,,,,,,,,,,,,8,,,,,,,,,,,,,,,,,,,,,,,,,,,,,,,,,,,,,,,,,,
VERTEX,,,,Continuous,,polylines,"23.826355,2.167542,0.0",,,,,,,,,,,,,,,,,,,,,,,,8,,,,,,,,,,,,,,,,,,,,,,,,,,,,,,,,,,,,,,,,,,
VERTEX,,,,Continuous,,polylines,"23.882975,2.081868,0.0",,,,,,,,,,,,,,,,,,,,,,,,8,,,,,,,,,,,,,,,,,,,,,,,,,,,,,,,,,,,,,,,,,,
VERTEX,,,,Continuous,,polylines,"23.93984,1.960795,0.0",,,,,,,,,,,,,,,,,,,,,,,,8,,,,,,,,,,,,,,,,,,,,,,,,,,,,,,,,,,,,,,,,,,
VERTEX,,,,Continuous,,polylines,"23.996094,1.824219,0.0",,,,,,,,,,,,,,,,,,,,,,,,8,,,,,,,,,,,,,,,,,,,,,,,,,,,,,,,,,,,,,,,,,,
VERTEX,,,,Continuous,,polylines,"24.050883,1.692037,0.0",,,,,,,,,,,,,,,,,,,,,,,,8,,,,,,,,,,,,,,,,,,,,,,,,,,,,,,,,,,,,,,,,,,
VERTEX,,,,Continuous,,polylines,"24.103353,1.584147,0.0",,,,,,,,,,,,,,,,,,,,,,,,8,,,,,,,,,,,,,,,,,,,,,,,,,,,,,,,,,,,,,,,,,,
VERTEX,,,,Continuous,,polylines,"24.152649,1.520447,0.0",,,,,,,,,,,,,,,,,,,,,,,,8,,,,,,,,,,,,,,,,,,,,,,,,,,,,,,,,,,,,,,,,,,
VERTEX,,,,Continuous,,polylines,"24.197917,1.520833,0.0",,,,,,,,,,,,,,,,,,,,,,,,8,,,,,,,,,,,,,,,,,,,,,,,,,,,,,,,,,,,,,,,,,,
VERTEX,,,,Continuous,,polylines,"24.239156,1.596476,0.0",,,,,,,,,,,,,,,,,,,,,,,,8,,,,,,,,,,,,,,,,,,,,,,,,,,,,,,,,,,,,,,,,,,
VERTEX,,,,Continuous,,polylines,"24.279785,1.723633,0.0",,,,,,,,,,,,,,,,,,,,,,,,8,,,,,,,,,,,,,,,,,,,,,,,,,,,,,,,,,,,,,,,,,,
VERTEX,,,,Continuous,,polylines,"24.324076,1.869832,0.0",,,,,,,,,,,,,,,,,,,,,,,,8,,,,,,,,,,,,,,,,,,,,,,,,,,,,,,,,,,,,,,,,,,
VERTEX,,,,Continuous,,polylines,"24.376302,2.002604,0.0",,,,,,,,,,,,,,,,,,,,,,,,8,,,,,,,,,,,,,,,,,,,,,,,,,,,,,,,,,,,,,,,,,,
VERTEX,,,,Continuous,,polylines,"24.440735,2.089478,0.0",,,,,,,,,,,,,,,,,,,,,,,,8,,,,,,,,,,,,,,,,,,,,,,,,,,,,,,,,,,,,,,,,,,
VERTEX,,,,Continuous,,polylines,"24.521647,2.097982,0.0",,,,,,,,,,,,,,,,,,,,,,,,8,,,,,,,,,,,,,,,,,,,,,,,,,,,,,,,,,,,,,,,,,,
VERTEX,,,,Continuous,,polylines,"24.623311,1.995646,0.0",,,,,,,,,,,,,,,,,,,,,,,,8,,,,,,,,,,,,,,,,,,,,,,,,,,,,,,,,,,,,,,,,,,
VERTEX,,,,Continuous,,polylines,"24.75,1.75,0.0",,,,,,,,,,,,,,,,,,,,,,,,8,,,,,,,,,,,,,,,,,,,,,,,,,,,,,,,,,,,,,,,,,,
VERTEX,,,,Continuous,,polylines,"23.5,1.375,0.0",,,,,,,,,,,,,,,,,,,,,,,,16,,,,,,,,,,,,,,,,,,,,,,,,,,,,,,,,,,,,,,,,,,
VERTEX,,,,Continuous,,polylines,"23.75,3.0,0.0",,,,,,,,,,,,,,,,,,,,,,,,16,,,,,,,,,,,,,,,,,,,,,,,,,,,,,,,,,,,,,,,,,,
VERTEX,,,,Continuous,,polylines,"24.25,0.625,0.0",,,,,,,,,,,,,,,,,,,,,,,,16,,,,,,,,,,,,,,,,,,,,,,,,,,,,,,,,,,,,,,,,,,
VERTEX,,,,Continuous,,polylines,"24.375,2.625,0.0",,,,,,,,,,,,,,,,,,,,,,,,16,,,,,,,,,,,,,,,,,,,,,,,,,,,,,,,,,,,,,,,,,,
VERTEX,,,,Continuous,,polylines,"24.75,1.75,0.0",,,,,,,,,,,,,,,,,,,,,,,,16,,,,,,,,,,,,,,,,,,,,,,,,,,,,,,,,,,,,,,,,,,
SEQEND,,,,,,,,,,,,,,,,,,,,,,,,,,,,,,,,,,,,,,,,,,,,,,,,,,,,,,,,,,,,,,,,,,,,,,,,,
POLYLINE,,,,Continuous,,polylines,"0.0,0.0,0.0",,,,,,,,,,,,,,,,,,,,,,,1,48,2,2,,,,,,,,,,,,,,,,,,,,,,,,,,,,,,,,,,,,,,,,
VERTEX,,,,Continuous,,polylines,"24.625,1.375,0.0",,,,,,,,,,,,,,,,,,,,,,,,64,,,,,,,,,,,,,,,,,,,,,,,,,,,,,,,,,,,,,,,,,,
VERTEX,,,,Continuous,,polylines,"25.25,1.5,0.25",,,,,,,,,,,,,,,,,,,,,,,,64,,,,,,,,,,,,,,,,,,,,,,,,,,,,,,,,,,,,,,,,,,
VERTEX,,,,Continuous,,polylines,"24.625,1.875,0.25",,,,,,,,,,,,,,,,,,,,,,,,64,,,,,,,,,,,,,,,,,,,,,,,,,,,,,,,,,,,,,,,,,,
VERTEX,,,,Continuous,,polylines,"25.25,2.0,0.5",,,,,,,,,,,,,,,,,,,,,,,,64,,,,,,,,,,,,,,,,,,,,,,,,,,,,,,,,,,,,,,,,,,
SEQEND,,,,,,,,,,,,,,,,,,,,,,,,,,,,,,,,,,,,,,,,,,,,,,,,,,,,,,,,,,,,,,,,,,,,,,,,,
POLYLINE,,,,DASHED,,polylines,"0.0,0.0,0.0",,,,,,,,,,,,,,,,,,,,,,,1,8,,,,,,,,,,,,,,,,,,,,,,,,,,,,,,,,,,,,,,,,,,
VERTEX,,,,DASHED,,polylines,"25.5,1.375,0.0",,,,,,,,,,,,,,,,,,,,,,,,32,,,,,,,,,,,,,,,,,,,,,,,,,,,,,,,,,,,,,,,,,,
VERTEX,,,,DASHED,,polylines,"26.0,1.875,2.5",,,,,,,,,,,,,,,,,,,,,,,,32,,,,,,,,,,,,,,,,,,,,,,,,,,,,,,,,,,,,,,,,,,
VERTEX,,,,DASHED,,polylines,"26.5,1.375,0.5",,,,,,,,,,,,,,,,,,,,,,,,32,,,,,,,,,,,,,,,,,,,,,,,,,,,,,,,,,,,,,,,,,,
VERTEX,,,,DASHED,,polylines,"27.0,1.875,2.5",,,,,,,,,,,,,,,,,,,,,,,,32,,,,,,,,,,,,,,,,,,,,,,,,,,,,,,,,,,,,,,,,,,
SEQEND,,,,,,,,,,,,,,,,,,,,,,,,,,,,,,,,,,,,,,,,,,,,,,,,,,,,,,,,,,,,,,,,,,,,,,,,,
TEXT,"_ai: LWPOLYLINE int[70] flag bits: bit 0 (1)=closed, bit 7 (128)=plinegen. Plinegen (128): linetype pattern generated continuously across all vertices rather than restarting at each vertex — dashes flow through corners. Common values: 0=open, 1=closed, 128=open+plinegen, 129=closed+plinegen. Plinegen affects only dash/dot linetypes — no visual difference with continuous linetypes.",,,,nonprop,_ai,"0.0,0.0,0.0",,,,,,,0.1,,,,,,,,,,,,,,,,,,,,,,,,,,,,,,,,,,,,,,,,,,,,,,,,,,,,,,,,,,,
LWPOLYLINE,,,,DASHED,,polylines,"25.5,1.782046 26.0,2.282046 26.5,1.782046 27.0,2.282046",,,,,,,,,,,,,,,,,,,,,,,,128,,,,,,,,,,,,,,,,,,,,,,,,,,,,,,,,,,,,,,,,,,
POLYLINE,,,,Continuous,,polylines,"0.0,0.0,0.0",,,,,,,,,,,,,,,,,,,,,,,1,2,,,,,,,,,,,,,,,,,,,,,,,,,,,,,,,,,,,,,,,,,,
VERTEX,,,,Continuous,,polylines,"27.0,1.5,0.0",,,,,,,,,-0.3441507314089097,,,,,,,,75.96375653207353,,,,,,,2,,,,,,,,,,,,,,,,,,,,,,,,,,,,,,,,,,,,,,,,,,
VERTEX,,,,Continuous,,polylines,"27.1875,1.646396,0.0",,,,,,,,,-0.3441507314089098,,,,,,,,75.96375653207353,,,,,,,1,,,,,,,,,,,,,,,,,,,,,,,,,,,,,,,,,,,,,,,,,,
VERTEX,,,,Continuous,,polylines,"27.375,1.5,0.0",,,,,,,,,0.3441507314089115,,,,,,,,284.0362434679264,,,,,,,2,,,,,,,,,,,,,,,,,,,,,,,,,,,,,,,,,,,,,,,,,,
VERTEX,,,,Continuous,,polylines,"27.5625,1.353604,0.0",,,,,,,,,0.3441507314089113,,,,,,,,284.0362434679264,,,,,,,1,,,,,,,,,,,,,,,,,,,,,,,,,,,,,,,,,,,,,,,,,,
VERTEX,,,,Continuous,,polylines,"27.75,1.5,0.0",,,,,,,,,-0.3441507314089105,,,,,,,,75.96375653207353,,,,,,,2,,,,,,,,,,,,,,,,,,,,,,,,,,,,,,,,,,,,,,,,,,
VERTEX,,,,Continuous,,polylines,"27.9375,1.646396,0.0",,,,,,,,,-0.3441507314089106,,,,,,,,75.96375653207353,,,,,,,1,,,,,,,,,,,,,,,,,,,,,,,,,,,,,,,,,,,,,,,,,,
VERTEX,,,,Continuous,,polylines,"28.125,1.5,0.0",,,,,,,,,,,,,,,,,284.0362434679264,,,,,,,2,,,,,,,,,,,,,,,,,,,,,,,,,,,,,,,,,,,,,,,,,,
SEQEND,,,,,,,,,,,,,,,,,,,,,,,,,,,,,,,,,,,,,,,,,,,,,,,,,,,,,,,,,,,,,,,,,,,,,,,,,
POLYLINE,,,,Continuous,,polylines,"0.0,0.0,0.0",,,,,,,,,,,,,,,,,,,,,,,1,4,,,,,6,,,,,,,,,,,,,,,,,,,,,,,,,,,,,,,,,,,,,
VERTEX,,,,Continuous,,polylines,"27.625,1.0,0.0",,,,,,,,,,,,,,,,,50.71059313749964,,,,,,,18,,,,,,,,,,,,,,,,,,,,,,,,,,,,,,,,,,,,,,,,,,
VERTEX,,,,Continuous,,polylines,"27.625,1.0,0.0",,,,,,,,,,,,,,,,,,,,,,,,8,,,,,,,,,,,,,,,,,,,,,,,,,,,,,,,,,,,,,,,,,,
VERTEX,,,,Continuous,,polylines,"27.663696,1.232117,0.0",,,,,,,,,,,,,,,,,,,,,,,,8,,,,,,,,,,,,,,,,,,,,,,,,,,,,,,,,,,,,,,,,,,
VERTEX,,,,Continuous,,polylines,"27.688477,1.380371,0.0",,,,,,,,,,,,,,,,,,,,,,,,8,,,,,,,,,,,,,,,,,,,,,,,,,,,,,,,,,,,,,,,,,,
VERTEX,,,,Continuous,,polylines,"27.703003,1.46637,0.0",,,,,,,,,,,,,,,,,,,,,,,,8,,,,,,,,,,,,,,,,,,,,,,,,,,,,,,,,,,,,,,,,,,
VERTEX,,,,Continuous,,polylines,"27.710938,1.511719,0.0",,,,,,,,,,,,,,,,,,,,,,,,8,,,,,,,,,,,,,,,,,,,,,,,,,,,,,,,,,,,,,,,,,,
VERTEX,,,,Continuous,,polylines,"27.715942,1.538025,0.0",,,,,,,,,,,,,,,,,,,,,,,,8,,,,,,,,,,,,,,,,,,,,,,,,,,,,,,,,,,,,,,,,,,
VERTEX,,,,Continuous,,polylines,"27.72168,1.566895,0.0",,,,,,,,,,,,,,,,,,,,,,,,8,,,,,,,,,,,,,,,,,,,,,,,,,,,,,,,,,,,,,,,,,,
VERTEX,,,,Continuous,,polylines,"27.731812,1.619934,0.0",,,,,,,,,,,,,,,,,,,,,,,,8,,,,,,,,,,,,,,,,,,,,,,,,,,,,,,,,,,,,,,,,,,
VERTEX,,,,Continuous,,polylines,"27.75,1.71875,0.0",,,,,,,,,,,,,,,,,,,,,,,,8,,,,,,,,,,,,,,,,,,,,,,,,,,,,,,,,,,,,,,,,,,
VERTEX,,,,Continuous,,polylines,"27.780151,1.874451,0.0",,,,,,,,,,,,,,,,,,,,,,,,8,,,,,,,,,,,,,,,,,,,,,,,,,,,,,,,,,,,,,,,,,,
VERTEX,,,,Continuous,,polylines,"27.827148,2.056152,0.0",,,,,,,,,,,,,,,,,,,,,,,,8,,,,,,,,,,,,,,,,,,,,,,,,,,,,,,,,,,,,,,,,,,
VERTEX,,,,Continuous,,polylines,"27.896118,2.222473,0.0",,,,,,,,,,,,,,,,,,,,,,,,8,,,,,,,,,,,,,,,,,,,,,,,,,,,,,,,,,,,,,,,,,,
VERTEX,,,,Continuous,,polylines,"27.992188,2.332031,0.0",,,,,,,,,,,,,,,,,,,,,,,,8,,,,,,,,,,,,,,,,,,,,,,,,,,,,,,,,,,,,,,,,,,
VERTEX,,,,Continuous,,polylines,"28.120483,2.343445,0.0",,,,,,,,,,,,,,,,,,,,,,,,8,,,,,,,,,,,,,,,,,,,,,,,,,,,,,,,,,,,,,,,,,,
VERTEX,,,,Continuous,,polylines,"28.286133,2.215332,0.0",,,,,,,,,,,,,,,,,,,,,,,,8,,,,,,,,,,,,,,,,,,,,,,,,,,,,,,,,,,,,,,,,,,
VERTEX,,,,Continuous,,polylines,"28.494263,1.906311,0.0",,,,,,,,,,,,,,,,,,,,,,,,8,,,,,,,,,,,,,,,,,,,,,,,,,,,,,,,,,,,,,,,,,,
VERTEX,,,,Continuous,,polylines,"28.75,1.375,0.0",,,,,,,,,,,,,,,,,,,,,,,,8,,,,,,,,,,,,,,,,,,,,,,,,,,,,,,,,,,,,,,,,,,
VERTEX,,,,Continuous,,polylines,"27.75,1.75,0.0",,,,,,,,,,,,,,,,,,,,,,,,16,,,,,,,,,,,,,,,,,,,,,,,,,,,,,,,,,,,,,,,,,,
VERTEX,,,,Continuous,,polylines,"27.625,1.0,0.0",,,,,,,,,,,,,,,,,,,,,,,,16,,,,,,,,,,,,,,,,,,,,,,,,,,,,,,,,,,,,,,,,,,
VERTEX,,,,Continuous,,polylines,"28.0,3.125,0.0",,,,,,,,,,,,,,,,,,,,,,,,16,,,,,,,,,,,,,,,,,,,,,,,,,,,,,,,,,,,,,,,,,,
VERTEX,,,,Continuous,,polylines,"28.75,1.375,0.0",,,,,,,,,,,,,,,,,,,,,,,,16,,,,,,,,,,,,,,,,,,,,,,,,,,,,,,,,,,,,,,,,,,
SEQEND,,,,,,,,,,,,,,,,,,,,,,,,,,,,,,,,,,,,,,,,,,,,,,,,,,,,,,,,,,,,,,,,,,,,,,,,,
MESH,,,,,,v2010,"8.725,5.5,0.0 8.925,5.5,0.0 8.6911,5.6392,-0.025875 8.8584,5.7358,0.025875 8.5942,5.74975,-0.05 8.6808,5.89975,0.05 8.45,5.8043,-0.0707 8.45,5.9457,0.0707 8.2875,5.78145,-0.0866 8.2375,5.86805,0.0866 8.14765,5.67455,-0.0966 8.102825,5.70045,0.0966 8.075,5.5,-0.1 8.075,5.5,0.1 8.102825,5.29955,-0.0966 8.14765,5.32545,0.0966 8.2375,5.13195,-0.0866 8.2875,5.21855,0.0866 8.45,5.0543,-0.0707 8.45,5.1957,0.0707 8.6808,5.10025,-0.05 8.5942,5.25025,0.05 8.8584,5.2642,-0.025875 8.6911,5.3608,0.025875",,,,,,,,,,,,,,,,,,,,,,,,,,,,,,,,,,"4,0,1,3,2,4,2,3,5,4,4,4,5,7,6,4,6,7,9,8,4,8,9,11,10,4,10,11,13,12,4,14,15,13,12,4,16,17,15,14,4,18,19,17,16,4,20,21,19,18,4,22,23,21,20,4,1,0,23,22,0,1,1,3,2,3,0,2,3,5,4,5,2,4,5,7,6,7,4,6,7,9,8,9,6,8,9,11,10,11,8,10,11,13,12,13,10,12,14,15,13,15,12,14,16,17,15,17,14,16,18,19,17,19,16,18,20,21,19,21,18,20,22,23,21,23,20,22,0,23,1,22",,,60,36,,,,,,,,,,,,,,,,,,,,,,,,,,,,
HATCH,,SOLID,,,,r14,"0.0,0.0,0.0 6.57032,4.0 6.5,3.71876 6.42968,4.0 6.246914,2.374602","6.5,3.71876 6.42968,4.0 6.57032,4.0",,,,,,,,,,,,,,,,,,,,,,,1,,"1,1,1",,,0,1,,,,,1,1,3,,,,,,,,,,,,,,,,,,,,,,,,,,,,,
LWPOLYLINE,,,,,,r14,"6.57032,4.0 6.5,3.71876 6.42968,4.0",,,,,,,,,,,,,,,25.4,,,,,,,,,129,,,,,,,,,,,,,,,,,,,,,,,,,,,,,,,,,,,,,,,,,,
MTEXT,"\pxa0.25,se0.4;{\H0.33333x;1^J^J}H^J{\H0.33333x;Hydrogen}",,,,,mtext,"11.75,6.75,0.0",,,,,,,0.3,1.0,,,0.35,1.0,1.0,,,,,,,,,3,,,5,1,1,,,,,,,1,,,,,,,,,,,,,,,,,,,,,,,,,,,,,,,,
MTEXT,"\pxa0.25,se0.4;{\H0.33333x;3^J^J}Li^J{\H0.33333x;Lithium}",,,,,mtext,"11.75,5.75,0.0",,,,,,,0.3,1.0,,,0.35,1.0,1.0,,,,,,,,,1,,,5,1,1,,,,,,,1,,,,,,,,,,,,,,,,,,,,,,,,,,,,,,,,
MTEXT,"\pxa0.25,se0.4;{\H0.33333x;4^J^J}Be^J{\H0.33333x;Beryllium}",,,,,mtext,"12.75,5.75,0.0",,,,,,,0.3,1.0,,,0.35,1.0,1.0,,,,,,,,,32,,,5,1,1,,,,,,,1,,,,,,,,,,,,,,,,,,,,,,,,,14052096,,,,,,,
TEXT,"_ai: HATCH ANSI36 illustrates circle-type boundaries with a hole. long[91]=2 (two loops): long[92]='17,1' — outer loop=17 (external+circle), inner=1 (island/hole, no-polyline edge-type). int[72]='2,2' — both boundaries are circle-type (arc/full-circle). For circle boundaries: real[40]=radius, angle[50]=start angle, angle[51]=360 (full circle), int[73]=1. bhole=true (inner loop has bit 4) suppresses group-47 even for outer-style hatches.",,,,nonprop,_ai,"0.0,0.0,0.0",,,,,,,0.1,,,,,,,,,,,,,,,,,,,,,,,,,,,,,,,,,,,,,,,,,,,,,,,,,,,,,,,,,,,
HATCH,,ANSI36,,,,hatches,"0.0,0.0,0.0 33.0,6.05 33.0,6.05 32.5,5.55",,,,,,,"0.2,0.4",0.24,,0.0,0.0,0.0159099025766973,0.0583363094478902,,,"0.075,-0.015,0.0,-0.015","0.0,0.0","360.0,360.0",,45.0,,,,,,"2,2","1,1",,1,1,0,1,4,,2,"17,1","1,1",,,,,,,,,,,,,,,,,,,,,,,33554559,,,,,,
SPLINE,,,,,,splines,"14.828448,1.678797,0.0 14.853175,2.054094,0.0 14.988741,2.723607,0.0 15.888741,1.573607,0.0 16.038741,2.373607,0.0 15.688741,2.623607,0.0",,,,,,,"0.0,0.0,0.0,0.0,2.465741436677792,4.153775562946637,5.611368892131212,5.611368892131212,5.611368892131212,5.611368892131212",,,,,,,,,,,,,,,,,8,3,,,,,,,,,,,,,,,,,,,,,,,,,,,,,,,,,,,,,,,,,
SPLINE,,,,,,splines,"18.538741,2.55694,0.0 18.788741,2.473607,0.0 18.788741,1.473607,0.0 17.288741,1.473607,0.0 17.288741,1.973607,0.0 18.288741,2.640273,0.0 18.538741,2.55694,0.0",,,,,,,"0.0,0.0,0.0,0.0,1.0,2.0,3.0,4.0,4.0,4.0,4.0",,,,,,,,,,,,,,,,,11,3,,,,,,,,,,,,,,,,,,,,,,,,,,,,,,,,,,,,,,,,,
SPLINE,,,,,,splines,"21.038741,1.473607,0.0 21.388741,2.423607,5.0 21.788741,1.623607,0.0 22.088741,2.323607,5.0 22.388741,1.473607,0.0",,,,,,,"0.0,0.0,0.0,0.0,1.414213562373094,3.828427124746189,3.828427124746189,3.828427124746189,3.828427124746189","1.0,1.0,1.0,3.0,1.0",,,,,,,,,,,,,,,,4,3,,,,,,,,,,,,,,,,,,,,,,,,,,,,,,,,,,,,,,,,,
SPLINE,,,,,,splines,"21.5,3.25,0.0 22.0,3.75,0.0 22.5,3.25,0.0 23.0,3.75,0.0",,,,,,,"0.0,0.0,1.0,2.0,3.0,3.0",,0.0000001,,,,,,,,,,,,,,,8,1,,,,,,,,,,,,,,,,,,,,,,,,,,,,,,,,,,,,,,,,,
SPLINE,,,,,,splines,"18.988741,3.373607,0.0 19.388741,5.373607,0.0 19.738741,2.973607,0.0 20.138741,3.373607,0.0",,,,,,,"0.0,0.0,0.0,0.0,2.399999999999998,2.399999999999998,2.399999999999998,2.399999999999998",,,,,,,,,,,,,,,,,8,3,,,,,,,,,,,,,,,,,,,,,,,,,,,,,,,,,,,,,,,,,
SPLINE,,,,,,splines,"19.038741,1.573607,0.0 19.388741,2.723607,0.0 20.488741,1.573607,0.0",,,,,,,"0.0,0.0,0.0,1.0,1.0,1.0","1.0,2.0,1.0",,,,,,,,,,,,,,,,12,2,,,,,,,,,,,,,,,,,,,,,,,,,,,,,,,,,,,,,,,,,
SPLINE,,,,,,splines,"20.488741,3.363381,0.0 20.54274,3.350123,0.0 20.650739,3.323607,0.0 20.566033,3.604416,0.0 20.742089,3.461875,0.0 20.863741,3.363381,0.0","20.488741,3.363381,0.0 20.613741,3.363381,0.0 20.613741,3.488381,0.0 20.863741,3.363381,0.0",,,,,,"0.0,0.0,0.0,0.0,0.125,0.25,0.5295084971874738,0.5295084971874738,0.5295084971874738,0.5295084971874738",,,,,,,,,,,,,,,,,8,3,,,,,,,,,,,,,,,,,,,,,,,,,,,,,,,,,,,,,,,,,
SPLINE,,,,,,splines,"15.777085,3.558718,0.0 16.149763,3.745057,0.0 16.921784,4.67147,0.0 17.632386,2.277038,0.0 18.404407,3.745057,0.0 18.777085,3.558718,0.0","15.777085,3.558718,0.0 16.777085,4.058718,0.0 17.777085,3.058718,0.0 18.777085,3.558718,0.0","1.0,0.5,0.0","1.0,-0.5,0.0",,,,"0.0,0.0,0.0,0.0,1.118033988749894,2.532247551122989,3.650281539872884,3.650281539872884,3.650281539872884,3.650281539872884",,,,,,,,,,,,,,,,,8,3,,,,,,,,,,,,,,,,,,,,,,,,,,,,,,,,,,,,,,,,,
SPLINE,,,,,,splines,"11.75,1.25,0.0 12.25,1.75,0.0 12.75,1.75,0.0 12.75,1.25,0.0",,,,,,,"0.0,0.0,0.0,0.0,1.75,1.75,1.75,1.75","1.0,2.0,0.5,1.0",,,,,,,,,,,,,,,,12,3,,,,,,,,,,,,,,,,,,,,,,,,,,,,,,,,,,,,,,,,,
SPLINE,,,,,,splines,"11.75,3.25,0.0 12.122678,3.436339,0.0 12.897435,4.290976,0.0 13.594113,2.261761,0.0 14.395967,2.947315,0.0 14.75,3.25,0.0","11.75,3.25,0.0 12.75,3.75,0.0 13.75,2.75,0.0 14.75,3.25,0.0","1.0,0.5,0.0",,,,,"0.0,0.0,0.0,0.0,1.118033988749894,2.532247551122989,3.650281539872884,3.650281539872884,3.650281539872884,3.650281539872884",,,,,,,,,,,,,,,,,8,3,,,,,,,,,,,,,,,,,,,,,,,,,,,,,,,,,,,,,,,,,
SPLINE,,,,,,splines,"11.75,2.25,0.0 12.104033,2.566837,0.0 12.905887,3.284446,0.0 13.602565,0.987474,0.0 14.377322,2.436339,0.0 14.75,2.25,0.0","11.75,2.25,0.0 12.75,2.75,0.0 13.75,1.75,0.0 14.75,2.25,0.0",,"1.0,-0.5,0.0",,,,"0.0,0.0,0.0,0.0,1.118033988749894,2.532247551122989,3.650281539872884,3.650281539872884,3.650281539872884,3.650281539872884",,,,,,,,,,,,,,,,,8,3,,,,,,,,,,,,,,,,,,,,,,,,,,,,,,,,,,,,,,,,,
DIMENSION,,,Standard,,,dimensions,"41.0,2.0,0.0","38.5,2.0,0.0",,"36.0,1.0,0.0","41.0,1.0,0.0",,,,,,,,,,,,,,,,,,,,,,,,,,,,,,,,,,,,,,,,,,,,,,,,,,,,,,,,,,,,,,
DIMENSION,,,Standard,,,dimensions,"44.2313,12.7687,0.0","39.2313,7.7687,0.0",,"36.0,1.0,0.0","46.0,11.0,0.0",,,,,,,,,,,,,,,,,,,,33,,,,,,,,,,,,,,,,,,,,,,,,,,,,,,,,,,,,,,,,,,
DIMENSION,,,Standard,,,dimensions,"36.0,1.0,0.0","51.524775,11.0,0.0",,"46.0,11.0,0.0","51.0,11.0,0.0",,,,,,,,,,,,,,,,,,,,38,,,,,,,,,,,,,,,,,,,,,,,,,,,,,,,,,,,,,,,,,,
DIMENSION,,,Standard,,,dimensions,"36.0,1.0,0.0","46.0,17.524775,0.0",,"46.0,11.0,0.0","46.0,17.0,0.0",,,,,,,,,,,,,,,,,,,,102,,,,,,,,,,,,,,,,,,,,,,,,,,,,,,,,,,,,,,,,,,
DIMENSION,,,Standard,,,dimensions,"39.5,7.5,0.0","36.999999,5.000003,0.0",,"36.0,1.0,0.0","40.0,7.0,0.0",,,,,,,,,,,,,224.9999531900789,,,,,,,,,,,,,,,,,,,,,,,,,,,,,,,,,,,,,,,,,,,,,,,,,
DIMENSION,,,Standard,,,dimensions,"31.5,-0.5,0.0","33.000002,1.0,0.0",,"36.0,1.0,0.0","32.0,-1.0,0.0",,,,,,,,,,,,,224.9999531900789,,,,,,,,,,,,,,,,,,,,,,,,,,,,,,,,,,,,,,,,,,,,,,,,,
DIMENSION,,,Standard,,,dimensions,"39.64365,1.210131,0.0","36.472229,5.076856,0.0",,,,"37.40596,4.77202,0.0",,0.0,,,,,,,,,,,,,,,,,35,,,,,,,,,,,,,,,,,,,,,,,,,,,,,,,,,,,,,,,,,,
DIMENSION,,,Standard,,,dimensions,"39.64365,1.210131,0.0","36.472229,5.076856,0.0",,,,"37.40596,4.77202,0.0",,0.0,,,,,,,,,,,,,,,,,35,,,,,,,,,,,,,,,,,,,,,,,,,,,,,,,,,,,,,,,,,,
DIMENSION,,,Standard,,,dimensions,"38.52481,2.99107,0.0","42.76832,7.03956,0.0",,,,"41.80259,6.76768,0.0",,0.0,,,,,,,,,,,,,,,,,36,,,,,,,,,,,,,,,,,,,,,,,,,,,,,,,,,,,,,,,,,,
DIMENSION,,,Standard,,,dimensions,"38.52481,2.99107,0.0","44.379944,1.091903,0.0",,,,"43.21332,1.253883,0.0",,0.0,,,,,,,,,,,,,,,,,164,,,,,,,,,,,,,,,,,,,,,,,,,,,,,,,,,,,,,,,,,,
MESH,,,,,,meshes,"66.0,3.134,0.8165 68.0,3.134,0.8165 67.0,4.866,0.8165 67.0,3.711,2.4495",,,,,,,,,,,,,,,,,,,,,,,,,,,,,,,,,,"3,2,1,0,3,0,1,3,3,1,2,3,3,3,2,0,1,2,0,1,0,2,1,3,0,3,2,3",,,16,6,,,,,,,,,,,,,,,,,,,,,,,,,,,,
MESH,,,,,,meshes,"66.0,6.0,0.0 68.0,6.0,0.0 68.0,8.0,0.0 66.0,8.0,0.0 66.0,6.0,2.0 68.0,6.0,2.0 68.0,8.0,2.0 66.0,8.0,2.0",,,,,,,,,,,,,,,,,,,,,,,,,,,,,,,,,,"4,3,2,1,0,4,4,5,6,7,4,0,1,5,4,4,2,3,7,6,4,4,7,3,0,4,1,2,6,5,2,3,1,2,0,1,0,3,4,5,5,6,6,7,4,7,1,5,0,4,3,7,2,6",,,30,12,,,,,,,,,,,,,,,,,,,,,,,,,,,,
MESH,,,,,,meshes,"69.75,0.0,0.0 71.75,0.0,0.0 71.75,2.0,0.0 69.75,2.0,0.0 69.75,0.0,2.0 71.75,0.0,2.0 71.75,2.0,2.0 69.75,2.0,2.0",,,,,,,,,,,,,,,,,,,,,,,,,,,,,,,,,,"4,3,2,1,0,4,4,5,6,7,4,0,1,5,4,4,2,3,7,6,4,4,7,3,0,4,1,2,6,5,2,3,1,2,0,1,0,3,4,5,5,6,6,7,4,7,1,5,0,4,3,7,2,6",1,,30,12,,"0.0,0.0,0.0,0.0,2.0,2.0,2.0,2.0,0.0,0.0,0.0,0.0",,,,,,,,,,,,,,,,,,,,,,,,,,
MESH,,,,,,meshes,"72.0,7.0,0.0 69.0,7.0,0.0 70.5,8.5,0.0 70.5,5.5,0.0 70.5,7.0,1.5 70.5,7.0,-1.5",,,,,,,,,,,,,,,,,,,,,,,,,,,,,,,,,,"3,0,2,4,3,0,4,3,3,0,3,5,3,0,5,2,3,1,4,2,3,1,3,4,3,1,5,3,3,1,2,5,0,2,2,4,0,4,3,4,0,3,3,5,0,5,2,5,1,4,1,2,1,3,1,5",,,32,12,,,,,,,,,,,,,,,,,,,,,,,,,,,,
MESH,,,,,,meshes,"70.0,3.0,0.0 72.0,3.0,0.0 72.0,5.0,0.0 70.0,5.0,0.0 71.0,4.0,2.5",,,,,,,,,,,,,,,,,,,,,,,,,,,,,,,,,,"4,3,2,1,0,3,0,1,4,3,1,2,4,3,2,3,4,3,3,0,4,2,3,1,2,0,1,0,3,1,4,0,4,2,4,3,4",,,21,8,,,,,,,,,,,,,,,,,,,,,,,,,,,,
MESH,,,,,,meshes,"76.6,2.0,0.0 76.4,2.0,0.3464 76.0,2.0,0.3464 75.8,2.0,0.0 76.0,2.0,-0.3464 76.4,2.0,-0.3464 75.8,3.3856,0.0 75.7,3.2124,0.3464 75.5,2.866,0.3464 75.4,2.6928,0.0 75.5,2.866,-0.3464 75.7,3.2124,-0.3464 74.2,3.3856,0.0 74.3,3.2124,0.3464 74.5,2.866,0.3464 74.6,2.6928,0.0 74.5,2.866,-0.3464 74.3,3.2124,-0.3464 73.4,2.0,0.0 73.6,2.0,0.3464 74.0,2.0,0.3464 74.2,2.0,0.0 74.0,2.0,-0.3464 73.6,2.0,-0.3464 74.2,0.6144,0.0 74.3,0.7876,0.3464 74.5,1.134,0.3464 74.6,1.3072,0.0 74.5,1.134,-0.3464 74.3,0.7876,-0.3464 75.8,0.6144,0.0 75.7,0.7876,0.3464 75.5,1.134,0.3464 75.4,1.3072,0.0 75.5,1.134,-0.3464 75.7,0.7876,-0.3464",,,,,,,,,,,,,,,,,,,,,,,,,,,,,,,,,,"4,6,7,1,0,4,7,8,2,1,4,8,9,3,2,4,9,10,4,3,4,10,11,5,4,4,11,6,0,5,4,12,13,7,6,4,13,14,8,7,4,14,15,9,8,4,15,16,10,9,4,16,17,11,10,4,17,12,6,11,4,18,19,13,12,4,19,20,14,13,4,20,21,15,14,4,21,22,16,15,4,22,23,17,16,4,23,18,12,17,4,24,25,19,18,4,25,26,20,19,4,26,27,21,20,4,27,28,22,21,4,28,29,23,22,4,29,24,18,23,4,30,31,25,24,4,31,32,26,25,4,32,33,27,26,4,33,34,28,27,4,34,35,29,28,4,35,30,24,29,4,0,1,31,30,4,1,2,32,31,4,2,3,33,32,4,3,4,34,33,4,4,5,35,34,4,5,0,30,35,6,7,1,7,0,1,0,6,7,8,2,8,1,2,8,9,3,9,2,3,9,10,4,10,3,4,10,11,5,11,4,5,6,11,0,5,12,13,7,13,6,12,13,14,8,14,14,15,9,15,15,16,10,16,16,17,11,17,12,17,18,19,13,19,12,18,19,20,14,20,20,21,15,21,21,22,16,22,22,23,17,23,18,23,24,25,19,25,18,24,25,26,20,26,26,27,21,27,27,28,22,28,28,29,23,29,24,29,30,31,25,31,24,30,31,32,26,32,32,33,27,33,33,34,28,34,34,35,29,35,30,35,1,31,0,30,2,32,3,33,4,34,5,35",2,,180,72,,"0.0,0.0,0.0,0.0,0.0,0.0,0.0,0.0,0.0,0.0,0.0,0.0,0.0,0.0,0.0,0.0,0.0,0.0,0.0,0.0,0.0,1.0,0.0,1.0,0.0,0.0,0.0,0.0,0.0,0.0,0.0,1.0,0.0,1.0,1.0,1.0,1.0,0.0,0.0,0.0,0.0,0.0,0.0,1.0,0.0,1.0,1.0,1.0,1.0,0.0,0.0,0.0,0.0,0.0,0.0,0.0,0.0,0.0,0.0,0.0,0.0,0.0,0.0,0.0,0.0,0.0,0.0,0.0,0.0,0.0,0.0,0.0",,,,,,,,,,,,,,,,,,,,,,,,,,
MESH,,,,,,meshes,"75.65,7.0,0.0 76.45,7.0,0.0 75.5144,7.5568,-0.1035 76.1836,7.9432,0.1035 75.1268,7.999,-0.2 75.4732,8.599,0.2 74.55,8.2172,-0.2828 74.55,8.7828,0.2828 73.9,8.1258,-0.3464 73.7,8.4722,0.3464 73.3406,7.6982,-0.3864 73.1613,7.8018,0.3864 73.05,7.0,-0.4 73.05,7.0,0.4 73.1613,6.1982,-0.3864 73.3406,6.3018,0.3864 73.7,5.5278,-0.3464 73.9,5.8742,0.3464 74.55,5.2172,-0.2828 74.55,5.7828,0.2828 75.4732,5.401,-0.2 75.1268,6.001,0.2 76.1836,6.0568,-0.1035 75.5144,6.4432,0.1035",,,,,,,,,,,,,,,,,,,,,,,,,,,,,,,,,,"4,0,1,3,2,4,2,3,5,4,4,4,5,7,6,4,6,7,9,8,4,8,9,11,10,4,10,11,13,12,4,14,15,13,12,4,16,17,15,14,4,18,19,17,16,4,20,21,19,18,4,22,23,21,20,4,1,0,23,22,0,1,1,3,2,3,0,2,3,5,4,5,2,4,5,7,6,7,4,6,7,9,8,9,6,8,9,11,10,11,8,10,11,13,12,13,10,12,14,15,13,15,12,14,16,17,15,17,14,16,18,19,17,19,16,18,20,21,19,21,18,20,22,23,21,23,20,22,0,23,1,22",,,60,36,,,,,,,,,,,,,,,,,,,,,,,,,,,,
TEXT,center,,,,,text,"15.512278,8.0,0.0","16.0,8.0,0.0",,,,,,0.25,,,,,,,,,,,,,,,,,,,1,,,,,,,,,,,,,,,,,,,,,,,,,,,,,,,,,,,,,,,,
TEXT,rotated,,,,,text,"13.0,8.0,0.0",,,,,,,0.25,,,,,,,,,,45.0,,,,,,,,,,,,,,,,,,,,,,,,,,,,,,,,,,,,,,,,,,,,,,,,,
TEXT,middle,,,,,text,"17.48559,8.877046,0.0","18.0,9.0,0.0",,,,,,0.25,,,,,,,,,,,,,,,,,,,4,,,,,,,,,,,,,,,,,,,,,,,,,,,,,,,,,,,,,,,,
TEXT,fat,,,,,text,"18.0,8.0,0.0","19.507651,8.0,0.0",,,,,,0.25,3.882681363197186,,,,,,,,,,,,,,,,,,5,,,,,,,,,,,,,,,,,,,,,,,,,,,,,,,,,,,,,,,,
TEXT,top left,,,,,text,"22.0,8.75,0.0","22.0,9.0,0.0",,,,,,0.25,,,,,,,,,,,,,,,,,,,,3,,,,,,,,,,,,,,,,,,,,,,,,,,,,,,,,,,,,,,,
TEXT,right,,,,,text,"15.3206,7.0,0.0","16.0,7.0,0.0",,,,,,0.25,,,,,,,,,,,,,,,,,,,2,,,,,,,,,,,,,,,,,,,,,,,,,,,,,,,,,,,,,,,,
TEXT,top right,,,,nonprop,text,"20.061591,6.75,0.0","22.0,7.0,0.0",,,,,,0.25,,,,,,,,,,,,,,,,,,,2,3,,,,,,,,,,,,,,,,,,,,,,,,,,,,,,,,,,,,,,,
TEXT,上部中央,,,,nonprop,text,"21.189365,7.75,0.0","22.0,8.0,0.0",,,,,,0.25,,,,,,,,,,,,,,,,,,,1,3,,,,,,,,,,,,,,,,,,,,,,,,,,,,,,,,,,,,,,,
TEXT,aligned,,,,,text,"16.076894,6.0,0.0","17.153787,6.0,0.0",,,,,,0.2390197029523092,,,,,,,,,,,,,,,,,,,3,,,,,,,,,,,,,,,,,,,,,,,,,,,,,,,,,,,,,,,,
TEXT,sqished-Supercalifragilisticexpialidocious,,,,,text,"18.0,7.0,0.0","19.507651,7.0,0.0",,,,,,0.25,0.2382340464564806,,,,,,,,,,,,,,,,,,5,,,,,,,,,,,,,,,,,,,,,,,,,,,,,,,,,,,,,,,,
TEXT,mittig links,,,,nonprop,text,"25.0,5.875,0.0","25.0,6.0,0.0",,,,,,0.25,,,,,,,,,,,,,,,,,,,,2,,,,,,,,,,,,,,,,,,,,,,,,,,,,,,,,,,,,,,,
TEXT,внизу ліворуч,,,,,text,"25.0,9.074011,0.0","25.0,9.0,0.0",,,,,,0.25,,,,,,,,,,,,,,,,,,,,1,,,,,,,,,,,,,,,,,,,,,,,,,,,,,,,,,,,,,,,
TEXT,하단 중앙,,,,nonprop,text,"24.23049,8.098317,0.0","25.0,8.0,0.0",,,,,,0.25,,,,,,,,,,,,,,,,,,,1,1,,,,,,,,,,,,,,,,,,,,,,,,,,,,,,,,,,,,,,,
TEXT,למטה מימין,,,,nonprop,text,"23.203137,7.098317,0.0","25.0,7.0,0.0",,,,,,0.25,,,,,,,,,,,,,,,,,,,2,1,,,,,,,,,,,,,,,,,,,,,,,,,,,,,,,,,,,,,,,
TEXT,milieu droit,,,,nonprop,text,"21.915455,5.875,0.0","24.5,6.0,0.0",,,,,,0.25,,,,,,,,,,,,,,,,,,,2,2,,,,,,,,,,,,,,,,,,,,,,,,,,,,,,,,,,,,,,,
TEXT,बीच का केंद्र,,,,nonprop,text,"18.010616,5.875,0.0","19.5,6.0,0.0",,,,,,0.25,,,,,,,,,,,,,,,,,,,1,2,,,,,,,,,,,,,,,,,,,,,,,,,,,,,,,,,,,,,,,
INSERT,,separate-garage,,,,hatches,"29.25,4.0,0.0",,,,,,,,0.01,0.01,0.01,,,,,,,,,,,,,,,,,,,,,,,,,,,,,,,,,,,,,,,,,,,,,,,,,,,,,,,,
TEXT,"_ai: HATCH ESCHER illustrates a mixed arc+line edge boundary with an island. long[92]='1,24' — outer loop=1 (external edge-type), island=24 (bits 3+4, textbox+island). int[72]='2,1,1,1,1,1,1,1' — first edge of outer loop is arc (2), remaining edges are lines (1). For arc edges: pt[10] carries the arc center as an additional 2D point after the edge start point; real[40]=radius, angle[50]=start, angle[51]=end angle.",,,,nonprop,_ai,"0.0,0.0,0.0",,,,,,,0.1,,,,,,,,,,,,,,,,,,,,,,,,,,,,,,,,,,,,,,,,,,,,,,,,,,,,,,,,,,,
HATCH,,ESCHER,,,,hatches,"0.0,0.0,0.0 32.869602,7.246463 32.699398,7.0 33.116065,7.0 33.456472,7.277778 32.741194,7.1875 33.080382,7.1875 33.080382,7.3125 32.741194,7.3125 30.748139,6.513889 32.907732,7.138889","33.116065,7.0 33.456472,7.277778 33.116065,7.416667 33.080382,7.1875 33.080382,7.3125 32.741194,7.3125 32.741194,7.1875",,,,,,0.2995218516106148,0.0694444444444439,,"0.0,0.0,0.0,0.0069444444444444,0.0069444444444444,-0.0034722222222222,-0.0034722222222222,-0.0034722222222222,-0.0034722222222222,-0.0277777777777776,-0.0277777777777776,0.0138888888888888,0.0138888888888888,0.0138888888888888,0.0138888888888888,0.0138888888888888,0.0138888888888888,0.0034722222222222,-0.017361111111111,-0.017361111111111,0.0034722222222222","0.0,0.0,0.0,0.0,0.0,0.0060140652777777,0.0060140652777777,-0.0060140652777777,-0.0060140652777777,0.0,0.0,-0.0240562611805554,-0.0240562611805554,0.0240562611805554,0.0240562611805554,0.0120281306249999,-0.0120281306249999,0.0180421959027777,0.0060140652777777,-0.0060140652777777,-0.0180421959027777","-0.083333333300777,0.0416666666666663,0.083333333300777,-0.083333333300777,0.083333333300777,-0.083333333300777,0.0416666666666663,0.083333333300777,0.0416666666666663,-0.083333333300777,0.083333333300777,-0.083333333300777,0.0416666666666663,0.083333333300777,0.0416666666666663,-0.0416666666666664,-0.0416666666666664,-0.083333333300777,-0.083333333300777,0.0416666666341106,0.0416666666341106","-0.000000000018796,-0.0721687836111106,-0.000000000018796,-0.000000000018796,-0.000000000018796,-0.000000000018796,-0.0721687836111106,-0.000000000018796,-0.0721687836111106,-0.000000000018796,-0.000000000018796,-0.000000000018796,-0.0721687836111106,-0.000000000018796,-0.0721687836111106,0.0721687836111106,0.0721687836111106,0.0000000000187961,0.0000000000187961,-0.0721687836299066,-0.0721687836299066",,,"0.0763888888888883,-0.0069444444444444,0.0763888888888883,-0.0069444444444444,0.0763888888888883,-0.0069444444444444,0.0138888888888888,-0.0694444444444439,0.0138888888888888,-0.0694444444444439,0.0138888888888888,-0.0694444444444439,0.0138888888888888,-0.0694444444444439,0.0138888888888888,-0.0694444444444439,0.0138888888888888,-0.0694444444444439,0.0138888888888888,-0.0694444444444439,0.0138888888888888,-0.0694444444444439,0.0138888888888888,-0.0694444444444439,0.0138888888888888,-0.0694444444444439,0.0138888888888888,-0.0694444444444439,0.0138888888888888,-0.0694444444444439,0.0486111111111107,-0.034722222222222,0.0486111111111107,-0.034722222222222,0.0486111111111107,-0.034722222222222,0.0486111111111107,-0.034722222222222,0.0486111111111107,-0.034722222222222,0.0486111111111107,-0.034722222222222",34.628307318581,235.3716926814191,,"60.0,180.0,300.0,60.0,300.0,60.0,180.0,300.0,180.0,60.0,300.0,60.0,180.0,300.0,180.0,0.0,0.0,120.0,120.0,240.0,240.0",,,,,,"2,1,1,1,1,1,1,1",1,,1,1,0,21,"2,2,2,2,2,2,2,2,2,2,2,2,2,2,2,2,2,2,2,2,2",,2,"1,24","4,4",,2,,,,,,,,,,,,,,,,,,,,,,,,,,,
HATCH,,ANSI31,,,,hatches,"0.0,0.0,0.0 32.75,7.827935 32.888889,7.827935 32.888889,7.966824 32.75,7.966824 29.138889,5.050157","32.888889,7.827935 32.888889,7.966824 32.75,7.966824 32.75,7.827935",,,,,,,0.3333333333333306,,0.0,0.0,-0.0294627825494393,0.0294627825494393,,,,,,,45.0,,,,,,"1,1,1,1",,,1,1,0,1,0,,1,5,4,,,,,,,,,,,,,,,,,,,,,,,,,,,,,
HATCH,,SOLID,,,,hatches-solid,"0.0,0.0,0.0 32.9243,8.163227 14.86899,6.163772",,,,,,,0.0416666666666632,,,,,,,,,,0.0,360.0,,,7,,,1,,2,1,,0,1,,,,,1,1,1,,,,,,,,,,,,,,,,,,,,,,,,,,,,,
HATCH,,BRICK,,,,hatches,"0.0,0.0,0.0 33.652778,8.244602 33.236111,7.827935 33.652778,7.827935 33.444444,7.966824",,,,,,,,0.0694444444444439,"0.5345785233688009,0.0,0.0","0.0,0.0,0.017361111111111","0.0,0.0,0.0","0.0,-0.034722222222222,-0.034722222222222","0.017361111111111,0.0,0.0",0.2767370223329938,,"0.017361111111111,-0.017361111111111,-0.017361111111111,0.017361111111111",,,,"0.0,90.0,90.0",,,,,,1,1,,1,1,0,3,"0,2,2",,1,7,3,,,,,,,,,,,,,,,,,,,,,,,,,,,,,
HATCH,,_USER,,,,hatches,"0.0,0.0,0.0 33.006944,8.20988 33.493056,8.487657 32.9375,8.83488 32.034722,8.348768 31.0625,6.404324","33.493056,8.487657 32.9375,8.83488 32.034722,8.348768 33.006944,8.20988",,,,,,,0.034722222222222,,"0.0,0.0","0.0,0.0","0.0,-0.034722222222222","0.034722222222222,0.0",,,,,,,"0.0,90.0",,,,,,"1,1,1,1",,,1,0,1,2,"0,0",,1,5,4,,,,,,,,,,,,,,,,,,,,,,,,,,,,,
HATCH,,_U,,,,hatches,"0.0,0.0,0.0 32.0,8.036268 32.179861,8.036268 32.179861,8.091824 32.0,8.091824 27.459267,2.387199","32.179861,8.036268 32.179861,8.091824 32.0,8.091824 32.0,8.036268",,,,,,,0.0187499999999999,,0.0,0.0,-0.0132582521472477,-0.0132582521472477,,,,,,135.0,135.0,,,,,,"1,1,1,1",,,0,0,0,1,0,,1,1,4,,,,,,,,,,,,,,,,,,,,,,,,,,,,,
HATCH,,SOLID,,,,hatches,"0.0,0.0,0.0 33.109161,7.997202 33.079861,7.880018 33.050561,7.997202 32.974409,7.319952","33.079861,7.880018 33.050561,7.997202 33.109161,7.997202",,,,,,,,,,,,,,,,,,,,,,,1,,"1,1,1",,,0,1,,,,,1,1,3,,,,,,,,,,,,,,,,,,,,,,,,,,,,,
LWPOLYLINE,,,,,,hatches,"33.109161,7.997202 33.079861,7.880018 33.050561,7.997202",,,,,,,,,,,,,,,25.4,,,,,,,,,129,,,,,,,,,,,,,,,,,,,,,,,,,,,,,,,,,,,,,,,,,,
LINE,,,,,,hatches,"33.109161,7.997202,0.0","33.079861,7.880018,0.0",,,,,,,,,,,,,,3.225800102949142,,,,,,,,,,,,,,,,,,,,,,,,,,,,,,,,,,,,,,,,,,,,,,,,,,,
TEXT,"_ai: HATCH SOLID gradient fill. int[70]=1 (solid). Gradient presence: long[450]-long[453] block appended after the boundary section. long[92]=7 with int[72]=0: polyline boundary (bit 1 set), int[72]=0 means open polyline (remember: for polyline boundaries int[72] is closed-flag, not edge-type). long[452]=1 = two-color gradient, long[452]=2 = single-color gradient. long[453] = number of color stops. long[421] = packed RGB per stop. real[463] = stop position (0.0-1.0) per stop. string[470] = gradient type name. CSVIN handles group-47 internally: present when n452!=0 and n91==1.",,,,nonprop,_ai,"0.0,0.0,0.0",,,,,,,0.1,,,,,,,,,,,,,,,,,,,,,,,,,,,,,,,,,,,,,,,,,,,,,,,,,,,,,,,,,,,
HATCH,,SOLID,,,,hatches-solid,"0.0,0.0,0.0 33.140625,7.775852 33.053819,7.775852 33.097222,7.689046 33.105944,7.748721",,,,,,,,,,,,,,0.000243189,,,,,,,,"5,7",,1,,0,1,,0,1,,,,,1,7,3,,,,,,,,,,,,,,,,,,,,,,"255,16777215",,,1,2,1.0,"0.0,1.0",LINEAR
HATCH,,SOLID,,,,hatches-solid,"0.0,0.0,0.0 32.120507,7.767491 32.208701,7.767491 32.164604,7.691109 32.120507,7.767491 32.208701,7.767491 32.164604,7.843866 -162.374354,-143.772245","32.208701,7.767491 32.164604,7.691109 32.120507,7.767491 32.208701,7.767491 32.164604,7.843866 32.120507,7.767491",,,,,,,,,,,,,,,,,,,,,"5,7",,1,,"1,1,1,1,1,1",,,0,1,,,,,2,"1,1","3,3",,,,,,,,,,,,,,,,,,,,,,"255,16777215",,,1,2,1.0,"0.0,1.0",LINEAR
HATCH,,SOLID,,,,hatches_gradient,"0.0,0.0,0.0 32.0,7.765428 32.088194,7.765428 32.044097,7.689046 32.0,7.765428 32.088194,7.765428 32.044097,7.841803 -162.494861,-143.774308","32.088194,7.765428 32.044097,7.689046 32.0,7.765428 32.088194,7.765428 32.044097,7.841803 32.0,7.765428",,,,,,,,,,,,,,,,,,,,,"5,7",,1,,"1,1,1,1,1,1",,,0,1,,,,,2,"1,1","3,3",,,,,,,,,,,,,,,,,,,,,,"255,16777215",,1,1,2,1.0,"0.0,1.0",HEMISPHERICAL
HATCH,,SOLID,,,,hatches_gradient,"0.0,0.0,0.0 32.232222,7.769602 32.320417,7.769602 32.276319,7.69322 32.232222,7.769602 32.320417,7.769602 32.276319,7.845977 -162.262639,-143.770134","32.320417,7.769602 32.276319,7.69322 32.232222,7.769602 32.320417,7.769602 32.276319,7.845977 32.232222,7.769602",,,,,,,,,,,,,,,,,,,,,"5,41",,1,,"1,1,1,1,1,1",,,0,1,,,,,2,"1,1","3,3",,,,,,,,,,,,,,,,,,,,,,"255,16051793",,1,,2,0.5,"0.0,1.0",HEMISPHERICAL
HATCH,,SOLID,,,,hatches-solid,"0.0,0.0,0.0 32.541392,8.09155 32.47903,8.029187 32.603755,8.029187 32.47903,8.029187 32.416667,7.966824 32.453198,7.966824 32.603755,8.029187 32.629587,7.966824 32.666118,7.966824 32.544241,8.069824 32.440239,7.976669 32.635099,7.989038",,,,,,,,,"0.0,-0.4142135623730955,0.0,0.0,0.0,-0.1989123673796585,-0.198912367379659,0.0,0.0",,,,,0.0021913870784469,,,,,,,,"5,7",,1,,"1,1,1","1,1,1",,0,1,,,,,3,"7,7,7","3,3,3",,3,,,,,,,,,,,,,,,,,-2,1,,"255,16777215",,,1,2,1.0,"0.0,1.0",LINEAR
TRACE,,,,Continuous,,r12,"36.0,8.5,0.0","36.25,8.0,0.0","36.75,8.5,0.0","37.0,8.0,0.0",,,,,,,,,,,,,,,,,,,,,,,,,,,,,,,,,,,,,,,,,,,,,,,,,,,,,,,,,33554559,,,,,,
TRACE,,,,Continuous,,r12,"35.0,8.75,0.0","35.0,8.25,0.0","35.5,8.75,0.0","35.5,8.25,0.0",,,,,,,,,,,,,,,,,,183,,,,,,,,,,,,,,,,,,,,,,,,,,,,,,,,,,,,,9059294,,,,,,,,
INSERT,,site-plan,,,,dimensions,"52.25,-5.0,0.0",,,,,,,,0.008333333333333,0.008333333333333,0.008333333333333,,,,,,,,,,,,,,,,,,,,,,,,,,,,,,,,,,,,,,,,,,,,,,,,,,,,,,,,
TEXT,Entities to the left of this text are one example of supported entities on an acad-version layer. To the right are variations of complex entities. Some are contained in inserts to illustrate larger scales in the bock definition.,,,,nonprop,_ai,"10.0,0.0,0.0",,,,,,,0.1,,,,,,,,,,90.0,,,,,,,,,,,,,,,,,,,,,,,,,,,,,,,,,,,,,,,,,,,,,,,,,
TEXT,The mtext at this location is owned by a leader. because dxf-csv does not represent ownership proximity and content an imply the a relationship,,,,nonprop,_ai,"2.25,2.5,0.0",,,,,,,0.1,,,,,,,,,,,,,,,,,,,,,,,,,,,,,,,,,,,,,,,,,,,,,,,,,,,,,,,,,,,
TEXT,"_ai: Spatial relationships between entities (a LEADER pointing to an MTEXT, a DIMENSION associating with geometry, a HATCH bounded by a LWPOLYLINE) are not preserved in DXF-CSV — ownership and pointers are stripped on export. Proximity in the drawing implies the relationship. An AI generating a new drawing must place associated entities at geometrically consistent positions.",,,,nonprop,_ai,"0.0,0.0,0.0",,,,,,,0.1,,,,,,,,,,,,,,,,,,,,,,,,,,,,,,,,,,,,,,,,,,,,,,,,,,,,,,,,,,,
INSERT,,mlines,,,,mline,"77.25,-0.5,0.0",,,,,,,,0.083333333333333,0.083333333333333,0.083333333333333,,,,,,,,,,,,,,,,,,,,,,,,,,,,,,,,,,,,,,,,,,,,,,,,,,,,,,,,
MULTILEADER,,,,,,mleader,"92.795334,1.0,0.0 92.435334,1.0,0.0 91.435334,0.0,0.0 1.0,1.0,1.0",,"92.885334,1.091473,0.0",,,,,"1.0,0.36",,,,,,,,,,,,,,,,,,,,,,,,,,,"-1073741824,0,279552",,,,,,,,,,,,,,,,,,,,,line1\Pline2,,,,,,,,,,,
MULTILEADER,,,,,,mleader,"95.795334,5.0,0.0 95.435334,5.0,0.0 94.435334,4.0,0.0 1.0,1.0,1.0",,"95.885334,5.091473,0.0",,,,,"1.0,0.36",,,,,,,,,,,,,,,,,,,,,,,,,,,"-1073741824,0,279552",,,,,,,,,,,,,,,,,,,,,line,,,,,,,,,,,
MULTILEADER,,,,,,mleader,"99.435334,4.0,0.0 99.075334,4.0,0.0 96.435334,2.0,0.0 1.0,1.0,1.0",,"99.525334,4.114986,0.0",,,,,"1.0,0.36",,,,,,,,,,,,,,,,,,,,,,,,,,,"-1073741824,0,279553",,,,,,,,,,"1,2",,,,,,,,,,,spline,,,,,,,,,,,
MULTILEADER,,,,,,mleader,"94.559823,7.0,0.0 96.435334,7.0,0.0 97.435334,6.0,0.0 1.0,1.0,1.0","0.0,0.0,1.0 -1.0,0.0,0.0","95.985334,7.11646,0.0",,,,,"1.0,0.36",,,,,,,,,,,,,,,,,,,,,,,,,,,"-1073741824,0,279552",,,,,,,,,,,"1,2",3,,,,,,,,,right aligned,,,,,,,,,,,
MULTILEADER,,,,,,mleader,"92.435334,2.88,0.0 91.435334,2.88,0.0 92.435334,5.0,0.0 91.435334,5.0,0.0 90.435334,4.0,0.0 90.435334,2.0,0.0 1.0,1.0,1.0",,"92.525334,2.971473,0.0",,,,,"1.0,1.0",,,,,,,,,,,,,,,,,,,,,,,,,,,"-1073741824,0,312704","-1073741824,0,1,2,3,-1056964608",,,,,,,,,,,,,,,,,,,,four  leaders,,,,,,,,,,,
MULTILEADER,,,,,,mleader,"90.049604,1.0,0.0 91.435334,1.0,0.0 91.435334,0.0,0.0 1.0,1.0,1.0","0.0,0.0,1.0 -1.0,0.0,0.0","90.985334,1.091473,0.0",,,,,"1.0,0.36",,,,,,,,,,,,,,,,,,,,,,,,,,,"-1073741824,0,279552","-1027028792,0,-1056964608",,,,,,1.5,,,,"1,2",3,,,,,,,"1,1,1","1,0",masked,,,,,,,,,,,
ENDSEC,,,,,,,,,,,,,,,,,,,,,,,,,,,,,,,,,,,,,,,,,,,,,,,,,,,,,,,,,,,,,,,,,,,,,,,,,

#DXF-CSV v1.0 | audience:ai | source:sample_csvout_reference.dwg | sha1:9cafc3401b0b | codes:dxf-2018 | dxfcsv:https://drawingsync.com/dxfcsv/v1.0/spec.md | last-updated:2026-07-10 | units:in | coords:xyz | design:r12-extended | color:aci absent=BYLAYER | missing:linetype=BYLAYER color=BYBLOCK lwt=-3
#DXF-CSV-cond | blocks:inline | mesh:polyline | mesh:subdiv | attrib:tag=name[2] | angle[51]:arc-end or text-oblique | bulge:tan(theta/4) in real[42] | seq[66]:sequence-follows | truecolor:rgb[420]

